SubjectId,Preop_Papilledema,Index_Papilledema,Limonadi_Index_Papilledema,Refined_Papilledema,Limonadi_Papilledema,Preop_Nystagmus,Index_Nystagmus,Limonadi_Index_Nystagmus,Refined_Nystagmus,Limonadi_Nystagmus,Preop_DisconjugateGaze,Index_DisconjugateGaze,Limonadi_Index_DisconjugateGaze,Refined_DisconjugateGaze,Limonadi_DisconjugateGaze,Preop_ExtraocularPalsies,Index_DocExtraOcPalsies,Limonadi_Index_DocExtraOcPalsies,Refined_DocExtraOcPalsies,Limonadi_DocExtraOcPalsies,Preop_FacialWeakness,Index_FacialWeakness,Limonadi_Index_FacialWeakness,New_FacialWeakness,Refined_FacialWeakness,Limonadi_FacialWeakness,Preop_DisturbanceInFacialSensation,New_DisturbanceInFacialSensation,Index_DisturbanceFacSen,Limonadi_Index_DisturbanceFacSen,Refined_DisturbanceFacSen,Limonadi_DisturbanceFacSen,Preop_HearingLoss,Index_HearingLoss,Limonadi_Index_HearingLoss,New_HearingLoss,Refined_HearingLoss,Limonadi_HearingLoss,Preop_Hoarseness_x,Index_Hoarseness,Limonadi_Index_Hoarseness,New_Hoarseness,Refined_Hoarseness,Limonadi_Hoarseness,Preop_TongueDeviation,Index_TongueDeviation,Limonadi_Index_TongueDeviation,New_TongueDeviation,Refined_TongueDeviation,Limonadi_TongueDeviation,Preop_WeakShrug,Index_WeakShrug,Limonadi_Index_WeakShrug,New_WeakShrug,Refined_WeakShrug,Limonadi_WeakShrug,Preop_CombinedUpperExtremityWeak,Index_CombinedUpperExtremityStrength,Limonadi_Index_CombinedUpperExtremityStrength,New_CombinedUpperExtremityStrength,Refined_CombinedUpperExtremityStrength,Limonadi_CombinedUpperExtremityStrength,Preop_LeftUpperExtremityWeak,Index_LeftUpperExtremityStrength,Limonadi_Index_LeftUpperExtremityStrength,New_LeftUpperExtremityStrength,Refined_LeftUpperExtremityStrength,Limonadi_LeftUpperExtremityStrength,Preop_RightUpperExtremityWeak,Index_RightUpperExtremityStrength,Limonadi_Index_RightUpperExtremityStrength,New_RightUpperExtremityStrength,Refined_RightUpperExtremityStrength,Limonadi_RightUpperExtremityStrength,Preop_CombinedLowerExtremityWeak,Index_CombinedLowerExtremityStrength,Limonadi_Index_CombinedLowerExtremityStrength,New_CombinedLowerExtremityStrength,Refined_CombinedLowerExtremityStrength,Limonadi_CombinedLowerExtremityStrength,Preop_LeftLowerExtremityWeak,Index_LeftLowerExtremityStrength,Limonadi_Index_LeftLowerExtremityStrength,New_LeftLowerExtremityStrength,Refined_LeftLowerExtremityStrength,Limonadi_LeftLowerExtremityStrength,Preop_RightLowerExtremityWeak,Index_RightLowerExtremityStrength,Limonadi_Index_RightLowerExtremityStrength,New_RightLowerExtremityStrength,Refined_RightLowerExtremityStrength,Limonadi_RightLowerExtremityStrength,Preop_LighttouchEntireBody,Index_DeficitToLightTouchEntireBody,Limonadi_Index_DeficitToLightTouchEntireBody,New_LighttouchEntireBody,Refined_DeficitToLightTouchEntireBody,Limonadi_DeficitToLightTouchEntireBody,Preop_CombinedUpperDLTExtremities,Index_CombinedUpperDLTExtremities,Limonadi_Index_CombinedUpperDLTExtremities,New_CombinedUpperDLTExtremities,Refined_CombinedUpperDLTExtremities,Limonadi_CombinedUpperDLTExtremities,Preop_DLTLeftUpperExtremities,Index_LightTouchSensoryDeficitLUE,Limonadi_Index_LightTouchSensoryDeficitLUE,New_DLTLeftUpperExtremities,Refined_LightTouchSensoryDeficitLUE,Limonadi_LightTouchSensoryDeficitLUE,Preop_DLTRightUpperExtremities,Index_LightTouchSensoryDeficitRUE,Limonadi_Index_LightTouchSensoryDeficitRUE,New_DLTRightUpperExtremities,Refined_LightTouchSensoryDeficitRUE,Limonadi_LightTouchSensoryDeficitRUE,Preop_CombinedLowerDLTExtremities,Index_CombinedLowerDLTExtremities,Limonadi_Index_CombinedLowerDLTExtremities,New_CombinedLowerDLTExtremities,Refined_CombinedLowerDLTExtremities,Limonadi_CombinedLowerDLTExtremities,Preop_DLTLeftLowerExtremities,Index_LightTouchSensoryDeficitLLE,Limonadi_Index_LightTouchSensoryDeficitLLE,New_DLTLeftLowerExtremities,Refined_LightTouchSensoryDeficitLLE,Limonadi_LightTouchSensoryDeficitLLE,Preop_DLTRightLowerExtremities,Index_LightTouchSensoryDeficitRLE,Limonadi_Index_LightTouchSensoryDeficitRLE,New_DLTRightLowerExtremities,Refined_LightTouchSensoryDeficitRLE,Limonadi_LightTouchSensoryDeficitRLE,Preop_DeficitToPinprickUpperLeft,Index_LUEDeficitPinprick,Limonadi_Index_LUEDeficitPinprick,New_DeficitToPinprickUpperLeft,Refined_LUEDeficitPinprick,Limonadi_LUEDeficitPinprick,Preop_DeficitToPinprickUpperRight,Index_RUEDeficitPinprick,Limonadi_Index_RUEDeficitPinprick,New_DeficitToPinprickUpperRight,Refined_RUEDeficitPinprick,Limonadi_RUEDeficitPinprick,Preop_DeficittoPinprickLowerLeft,Index_LLEDeficitPinprick,Limonadi_Index_LLEDeficitPinprick,New_DeficittoPinprickLowerLeft,Refined_LLEDeficitPinprick,Limonadi_LLEDeficitPinprick,Preop_DeficittoPinprickLowerRight,Index_RLEDeficitPinprick,Limonadi_Index_RLEDeficitPinprick,New_DeficittoPinprickLowerRight,Refined_RLEDeficitPinprick,Limonadi_RLEDeficitPinprick,Preop_LightTouchTorso,Index_DeficitLightTouchTorso,Limonadi_Index_DeficitLightTouchTorso,New_LightTouchTorso,Refined_DeficitLightTouchTorso,Limonadi_DeficitLightTouchTorso,Preop_LightTouchSaddle,Index_DeficitLIghtTouchSaddle,Limonadi_Index_DeficitLIghtTouchSaddle,New_LightTouchSaddle,Refined_DeficitLIghtTouchSaddle,Limonadi_DeficitLIghtTouchSaddle,Preop_DeepTendonReflexes,Index_DeepTendonReflexes,Limonadi_Index_DeepTendonReflexes,New_DeepTendonReflexes,Refined_DeepTendonReflexes,Limonadi_DeepTendonReflexes,Preop_AnkleClonus,Index_FUAnkleClonus,Limonadi_Index_FUAnkleClonus,Refined_FUAnkleClonus,Limonadi_FUAnkleClonus,Preop_GaitInstability,Index_GaitStatus,Limonadi_Index_GaitStatus,Refined_GaitStatus,Limonadi_GaitStatus,Site,Allocation,Preop_Headache,PreviouslyReportedHeadaches,NewHeadache,Refined_PreviouslyReportedHeadaches,Limonadi_PreviouslyReportedHeadaches,Preop_DoubleVision,IndexDoubleVisionSymptoms,Limonadi_Index_DoubleVisionSymptoms,Overall_DoubleVision,Limonadi_Overall_DoubleVision,Refined_DoubleVisionSymptoms,Limonadi_DoubleVisionSymptoms,Preop_SensorySymptoms,IndexSensoryDeficitSymptoms,Limonadi_Index_SensoryDeficitSymptoms,Overall_SensorySymptoms,Limonadi_Overall_SensorySymptoms,Refined_SensoryDeficitSymptoms,Limonadi_SensoryDeficitSymptoms,Preop_WeaknessSymptoms,IndexWeaknessSymptoms,Limonadi_Index_WeaknessSymptoms,Overall_WeaknessSymptoms,Limonadi_Overall_WeaknessSymptoms,Refined_WeaknessSymptoms,Limonadi_WeaknessSymptoms,Preop_Dysphagia,IndexDysphagiaSymptoms,Limonadi_Index_DysphagiaSymptoms,Overall_Dysphagia,Limonadi_Overall_Dysphagia,Refined_DysphagiaSymptoms,Limonadi_DysphagiaSymptoms,Preop_Hoarseness_y,IndexHoarsenessSymptoms,Limonadi_Index_HoarsenessSymptoms,Overall_Hoarseness,Limonadi_Overall_Hoarseness,Refined_HoarsenessSymptoms,Limonadi_HoarsenessSymptoms,Preop_Choking,IndexChokingSymptoms,Limonadi_Index_ChokingSymptoms,Overall_ChokingSymptoms,Limonadi_Overall_ChokingSymptoms,Refined_ChokingSymptoms,Limonadi_ChokingSymptoms,Preop_SleepApnea,IndexSleepApneaSymptoms,Limonadi_Index_SleepApneaSymptoms,Overall_SleepApneaSymptoms,Limonadi_Overall_SleepApneaSymptoms,Refined_SleepApneaSymptoms,Limonadi_SleepApneaSymptoms,Preop_ShortnessOfBreath,IndexSOBSymptoms,Limonadi_Index_SOBSymptoms,Overall_SOBSymptoms,Limonadi_Overall_SOBSymptoms,Refined_SOBSymptoms,Limonadi_SOBSymptoms,Preop_NeckPain,IndexNeckPainSymptoms,Limonadi_Index_NeckPainSymptoms,Overall_NeckPainSymptoms,Limonadi_Overall_NeckPainSymptoms,Refined_NeckPainSymptoms,Limonadi_NeckPainSymptoms,Preop_BackPain,IndexBackPainSymptoms,Limonadi_Index_BackPainSymptoms,Overall_BackPainSymptoms,Limonadi_Overall_BackPainSymptoms,Refined_BackPainSymptoms,Limonadi_BackPainSymptoms,Preop_TrunkPain,IndexTrunkPainSymptoms,Limonadi_Index_TrunkPainSymptoms,Overall_TrunkPainSymptoms,Limonadi_Overall_TrunkPainSymptoms,Refined_TrunkPainSymptoms,Limonadi_TrunkPainSymptoms,Preop_UpperExtremityPain,IndexUpperExtremPainSymptoms,Limonadi_Index_UpperExtremPainSymptoms,Overall_UpperExtPainSymptoms,Limonadi_Overall_UpperExtPainSymptoms,Refined_UpperExtremPainSymptoms,Limonadi_UpperExtremPainSymptoms,Preop_LowerExtremityPain,IndexLowerExtremPainSymptoms,Limonadi_Index_LowerExtremPainSymptoms,Overall_LowerExtPainSymptoms,Limonadi_Overall_LowerExtPainSymptoms,Refined_LowerExtremPainSymptoms,Limonadi_LowerExtremPainSymptoms,Preop_Tremors,IndexTremorsSymptoms,Limonadi_Index_TremorsSymptoms,Overall_TremorsSymptoms,Limonadi_Overall_TremorsSymptoms,Refined_TremorsSymptoms,Limonadi_TremorsSymptoms,Preop_BalanceOrGaitAtaxia,IndexGaitAtaxiaSymptoms,Limonadi_Index_GaitAtaxiaSymptoms,Overall_GaitAtaxiaSymptoms,Limonadi_Overall_GaitAtaxiaSymptoms,Refined_GaitAtaxiaSymptoms,Limonadi_GaitAtaxiaSymptoms,Preop_Incontinence,IndexIncontinenceSymptoms,Limonadi_Index_IncontinenceSymptoms,Overall_IncontinenceSymptoms,Limonadi_Overall_IncontinenceSymptoms,Refined_IncontinenceSymptoms,Limonadi_IncontinenceSymptoms,Preop_SexualDysfunction,IndexSexualDysfunctionSymptoms,Limonadi_Index_SexualDysfunctionSymptoms,Overall_SexualDysfunctionSymp,Limonadi_Overall_SexualDysfunctionSymp,Refined_SexualDysfunctionSymptoms,Limonadi_SexualDysfunctionSymptoms,none_preop
1,0,3.0,0.0,3,0,0,5.0,5.0,3.0,0,0,5.0,5.0,3.0,0,0,5.0,5.0,3.0,0,0,5.0,5.0,5.0,3.0,0,0,5.0,5.0,5.0,3.0,0,0,5.0,5.0,5.0,3.0,0,0,5.0,5.0,5.0,3.0,0,0,5.0,5.0,5.0,3.0,0,0,5.0,5.0,5.0,3.0,0,0,5,5,5,3,0,0,5.0,5.0,5.0,3.0,0,0,5.0,5.0,5.0,3.0,0,0,5,5,5,3,0,0,5.0,5.0,5.0,3.0,0,0,5.0,5.0,5.0,3.0,0,0,5.0,5.0,5.0,3.0,0,0,5,5,5,3,0,0,5.0,5.0,5.0,3.0,0,0,5.0,5.0,5.0,3.0,0,0,5,5,5,3,0,0,5.0,5.0,5.0,3.0,0,0,5.0,5.0,5.0,3.0,0,0,5.0,5.0,5.0,3.0,0,0,5.0,5.0,5.0,3.0,0,0,5.0,5.0,5.0,3.0,0,0,5.0,5.0,5.0,3.0,0,0,5.0,5.0,5.0,3.0,0,0,5.0,5.0,5.0,3.0,0,0,5.0,5.0,5.0,3.0,0,0,5.0,5.0,3.0,0,0,5.0,5.0,3.0,0,1.0,PFD,1.0,5.0,5.0,5.0,5.0,0.0,0.0,0.0,5.0,5.0,3,0.0,0.0,0.0,0.0,5.0,5.0,3,0.0,0.0,0.0,0.0,5.0,5.0,3,0.0,0.0,0.0,0.0,5.0,5.0,3,0.0,0.0,0.0,0.0,5.0,5.0,3,0.0,0.0,0.0,0.0,5.0,5.0,3,0.0,0.0,0.0,0.0,5.0,5.0,3,0.0,0.0,0.0,0.0,5.0,5.0,3,0.0,0.0,0.0,0.0,5.0,5.0,3,0.0,0.0,0.0,0.0,5.0,5.0,3,0.0,0.0,0.0,0.0,5.0,5.0,3,0.0,0.0,0.0,0.0,5.0,5.0,3,0.0,0.0,0.0,0.0,5.0,5.0,3,0.0,0.0,0.0,0.0,5.0,5.0,3,0.0,0.0,0.0,0.0,5.0,5.0,3,0.0,0.0,0.0,0.0,5.0,5.0,3,0.0,0.0,0.0,0.0,5.0,5.0,3,0.0,0
2,0,3.0,0.0,3,0,0,3.0,0.0,3.0,0,0,3.0,0.0,3.0,0,0,3.0,0.0,3.0,0,0,3.0,0.0,0.0,3.0,0,0,0.0,3.0,0.0,3.0,0,0,1.0,2.0,0.0,3.0,0,0,5.0,5.0,0.0,3.0,0,0,3.0,0.0,0.0,3.0,0,0,5.0,5.0,0.0,3.0,0,0,1,2,0,3,0,0,3.0,0.0,0.0,3.0,0,0,3.0,0.0,0.0,3.0,0,0,1,2,0,3,0,0,3.0,0.0,0.0,3.0,0,0,3.0,0.0,0.0,3.0,0,0,3.0,0.0,0.0,3.0,0,0,1,2,0,3,0,0,3.0,0.0,0.0,3.0,0,0,3.0,0.0,0.0,3.0,0,0,1,2,0,3,0,0,3.0,0.0,0.0,3.0,0,0,3.0,0.0,0.0,3.0,0,0,2.0,1.0,5.0,3.0,0,0,2.0,1.0,5.0,3.0,0,0,2.0,1.0,5.0,3.0,0,0,2.0,1.0,5.0,3.0,0,0,3.0,0.0,0.0,3.0,0,0,3.0,0.0,0.0,3.0,0,0,1.0,2.0,0.0,3.0,0,0,3.0,0.0,3.0,0,0,3.0,0.0,3.0,0,1.0,PFD,0.0,0.0,0.0,3.0,0.0,0.0,0.0,0.0,5.0,5.0,3,0.0,0.0,0.0,0.0,3.0,0.0,3,0.0,0.0,0.0,0.0,3.0,0.0,3,0.0,0.0,0.0,0.0,3.0,0.0,3,0.0,0.0,0.0,0.0,3.0,0.0,3,0.0,0.0,0.0,0.0,3.0,0.0,3,0.0,0.0,0.0,0.0,3.0,0.0,3,0.0,0.0,0.0,0.0,3.0,0.0,3,0.0,0.0,0.0,0.0,3.0,0.0,3,0.0,1.0,5.0,5.0,5.0,5.0,5,5.0,0.0,0.0,0.0,5.0,5.0,3,0.0,0.0,0.0,0.0,5.0,5.0,3,0.0,0.0,0.0,0.0,5.0,5.0,3,0.0,0.0,0.0,0.0,3.0,0.0,3,0.0,0.0,0.0,0.0,3.0,0.0,3,0.0,0.0,0.0,0.0,3.0,0.0,3,0.0,0.0,0.0,0.0,3.0,0.0,3,0.0,0
3,0,5.0,5.0,3,0,0,3.0,0.0,3.0,0,0,3.0,0.0,3.0,0,0,3.0,0.0,3.0,0,0,5.0,5.0,0.0,3.0,0,0,0.0,5.0,5.0,3.0,0,0,1.0,2.0,0.0,3.0,0,0,5.0,5.0,0.0,3.0,0,0,5.0,5.0,0.0,3.0,0,0,5.0,5.0,0.0,3.0,0,0,1,2,0,3,0,0,3.0,0.0,0.0,3.0,0,0,3.0,0.0,0.0,3.0,0,0,1,2,0,3,0,0,3.0,0.0,0.0,3.0,0,0,3.0,0.0,0.0,3.0,0,0,3.0,0.0,0.0,3.0,0,0,1,2,0,3,0,0,3.0,0.0,0.0,3.0,0,0,3.0,0.0,0.0,3.0,0,0,1,2,0,3,0,0,3.0,0.0,0.0,3.0,0,0,3.0,0.0,0.0,3.0,0,0,2.0,1.0,5.0,3.0,0,0,2.0,1.0,5.0,3.0,0,0,2.0,1.0,5.0,3.0,0,0,2.0,1.0,5.0,3.0,0,0,3.0,0.0,0.0,3.0,0,0,3.0,0.0,0.0,3.0,0,0,5.0,5.0,0.0,3.0,0,0,5.0,5.0,3.0,0,0,5.0,5.0,3.0,0,33.0,PFDD,0.0,0.0,1.0,4.0,-1.0,0.0,0.0,0.0,3.0,0.0,3,0.0,0.0,0.0,0.0,3.0,0.0,3,0.0,0.0,0.0,0.0,3.0,0.0,3,0.0,1.0,1.0,2.0,1.0,2.0,1,2.0,0.0,0.0,0.0,3.0,0.0,3,0.0,0.0,0.0,0.0,3.0,0.0,3,0.0,0.0,0.0,0.0,3.0,0.0,3,0.0,0.0,0.0,0.0,3.0,0.0,3,0.0,0.0,0.0,0.0,1.0,2.0,3,0.0,0.0,0.0,0.0,3.0,0.0,3,0.0,0.0,0.0,0.0,3.0,0.0,3,0.0,0.0,0.0,0.0,3.0,0.0,3,0.0,0.0,0.0,0.0,3.0,0.0,3,0.0,0.0,0.0,0.0,3.0,0.0,3,0.0,0.0,0.0,0.0,1.0,2.0,3,0.0,0.0,0.0,0.0,3.0,0.0,3,0.0,0.0,0.0,0.0,3.0,0.0,3,0.0,0
4,0,5.0,5.0,3,0,0,3.0,0.0,3.0,0,0,3.0,0.0,3.0,0,0,3.0,0.0,3.0,0,0,3.0,0.0,0.0,3.0,0,0,0.0,3.0,0.0,3.0,0,0,3.0,0.0,0.0,3.0,0,0,3.0,0.0,0.0,3.0,0,0,5.0,5.0,0.0,3.0,0,0,3.0,0.0,0.0,3.0,0,0,1,2,0,3,0,0,3.0,0.0,0.0,3.0,0,0,3.0,0.0,0.0,3.0,0,0,1,2,0,3,0,0,3.0,0.0,0.0,3.0,0,0,3.0,0.0,0.0,3.0,0,0,3.0,0.0,0.0,3.0,0,0,1,2,0,3,0,0,3.0,0.0,0.0,3.0,0,0,3.0,0.0,0.0,3.0,0,0,1,2,0,3,0,0,3.0,0.0,0.0,3.0,0,0,3.0,0.0,0.0,3.0,0,0,2.0,1.0,5.0,3.0,0,0,2.0,1.0,5.0,3.0,0,0,2.0,1.0,5.0,3.0,0,0,2.0,1.0,5.0,3.0,0,0,3.0,0.0,0.0,3.0,0,0,3.0,0.0,0.0,3.0,0,0,1.0,2.0,0.0,3.0,0,0,5.0,5.0,3.0,0,0,3.0,0.0,3.0,0,33.0,PFDD,0.0,0.0,0.0,3.0,0.0,0.0,0.0,0.0,3.0,0.0,3,0.0,0.0,0.0,0.0,3.0,0.0,3,0.0,0.0,0.0,0.0,3.0,0.0,3,0.0,0.0,0.0,0.0,3.0,0.0,3,0.0,0.0,0.0,0.0,3.0,0.0,3,0.0,0.0,0.0,0.0,3.0,0.0,3,0.0,0.0,0.0,0.0,3.0,0.0,3,0.0,0.0,0.0,0.0,3.0,0.0,3,0.0,0.0,0.0,0.0,3.0,0.0,3,0.0,0.0,0.0,0.0,3.0,0.0,3,0.0,0.0,0.0,0.0,3.0,0.0,3,0.0,0.0,0.0,0.0,3.0,0.0,3,0.0,0.0,0.0,0.0,3.0,0.0,3,0.0,0.0,0.0,0.0,3.0,0.0,3,0.0,0.0,0.0,0.0,3.0,0.0,3,0.0,0.0,0.0,0.0,3.0,0.0,3,0.0,0.0,0.0,0.0,3.0,0.0,3,0.0,1
5,0,5.0,5.0,3,0,0,3.0,0.0,3.0,0,0,3.0,0.0,3.0,0,0,3.0,0.0,3.0,0,0,3.0,0.0,0.0,3.0,0,0,0.0,5.0,5.0,3.0,0,0,1.0,2.0,0.0,3.0,0,0,5.0,5.0,0.0,3.0,0,0,3.0,0.0,0.0,3.0,0,0,5.0,5.0,0.0,3.0,0,0,5,5,5,3,0,0,2.0,1.0,5.0,3.0,0,0,2.0,1.0,5.0,3.0,0,0,5,5,5,3,0,0,2.0,1.0,5.0,3.0,0,0,2.0,1.0,5.0,3.0,0,0,2.0,1.0,5.0,3.0,0,0,5,5,5,3,0,0,2.0,1.0,5.0,3.0,0,0,2.0,1.0,5.0,3.0,0,0,5,5,5,3,0,0,2.0,1.0,5.0,3.0,0,0,2.0,1.0,5.0,3.0,0,0,2.0,1.0,5.0,3.0,0,0,2.0,1.0,5.0,3.0,0,0,2.0,1.0,5.0,3.0,0,0,2.0,1.0,5.0,3.0,0,0,2.0,1.0,5.0,3.0,0,0,2.0,1.0,5.0,3.0,0,0,5.0,5.0,5.0,3.0,0,0,5.0,5.0,3.0,0,0,5.0,5.0,3.0,0,1.0,PFD,0.0,0.0,0.0,3.0,0.0,0.0,0.0,0.0,3.0,0.0,3,0.0,0.0,0.0,0.0,3.0,0.0,3,0.0,0.0,0.0,0.0,3.0,0.0,3,0.0,0.0,0.0,0.0,3.0,0.0,3,0.0,0.0,0.0,0.0,3.0,0.0,3,0.0,0.0,0.0,0.0,3.0,0.0,3,0.0,0.0,0.0,0.0,3.0,0.0,3,0.0,0.0,0.0,0.0,3.0,0.0,3,0.0,0.0,0.0,0.0,3.0,0.0,3,0.0,0.0,0.0,0.0,3.0,0.0,3,0.0,0.0,0.0,0.0,3.0,0.0,3,0.0,0.0,0.0,0.0,3.0,0.0,3,0.0,0.0,0.0,0.0,3.0,0.0,3,0.0,0.0,0.0,0.0,3.0,0.0,3,0.0,0.0,0.0,0.0,3.0,0.0,3,0.0,0.0,0.0,0.0,3.0,0.0,3,0.0,0.0,0.0,0.0,3.0,0.0,3,0.0,1
6,0,5.0,5.0,3,0,0,3.0,0.0,3.0,0,0,3.0,0.0,3.0,0,0,3.0,0.0,3.0,0,0,3.0,0.0,0.0,3.0,0,0,0.0,5.0,5.0,3.0,0,0,1.0,2.0,0.0,3.0,0,0,5.0,5.0,0.0,3.0,0,0,3.0,0.0,5.0,3.0,0,0,5.0,5.0,0.0,3.0,0,0,1,2,0,3,0,0,3.0,0.0,0.0,3.0,0,0,3.0,0.0,0.0,3.0,0,0,1,2,0,3,0,0,3.0,0.0,0.0,3.0,0,0,3.0,0.0,0.0,3.0,0,0,3.0,0.0,0.0,3.0,0,0,1,2,0,3,0,0,3.0,0.0,0.0,3.0,0,0,3.0,0.0,0.0,3.0,0,0,1,2,0,3,0,0,3.0,0.0,0.0,3.0,0,0,3.0,0.0,0.0,3.0,0,0,2.0,1.0,5.0,3.0,0,0,2.0,1.0,5.0,3.0,0,0,2.0,1.0,5.0,3.0,0,0,2.0,1.0,5.0,3.0,0,0,3.0,0.0,0.0,3.0,0,0,3.0,0.0,0.0,3.0,0,0,1.0,2.0,0.0,3.0,0,0,3.0,0.0,3.0,0,0,3.0,0.0,3.0,0,1.0,PFD,0.0,0.0,0.0,3.0,0.0,0.0,0.0,0.0,3.0,0.0,3,0.0,0.0,0.0,0.0,3.0,0.0,3,0.0,0.0,0.0,0.0,3.0,0.0,3,0.0,0.0,0.0,0.0,3.0,0.0,3,0.0,0.0,0.0,0.0,3.0,0.0,3,0.0,0.0,0.0,0.0,3.0,0.0,3,0.0,0.0,0.0,0.0,3.0,0.0,3,0.0,0.0,0.0,0.0,3.0,0.0,3,0.0,1.0,5.0,5.0,5.0,5.0,5,5.0,1.0,3.0,0.0,3.0,0.0,3,0.0,0.0,0.0,0.0,3.0,0.0,3,0.0,0.0,0.0,0.0,3.0,0.0,3,0.0,0.0,0.0,0.0,3.0,0.0,3,0.0,0.0,0.0,0.0,3.0,0.0,3,0.0,0.0,0.0,0.0,3.0,0.0,3,0.0,0.0,0.0,0.0,3.0,0.0,3,0.0,0.0,0.0,0.0,3.0,0.0,3,0.0,0
7,0,3.0,0.0,3,0,0,3.0,0.0,3.0,0,0,3.0,0.0,3.0,0,0,3.0,0.0,3.0,0,0,3.0,0.0,0.0,3.0,0,0,0.0,5.0,5.0,3.0,0,0,1.0,2.0,0.0,3.0,0,0,5.0,5.0,0.0,3.0,0,0,5.0,5.0,0.0,3.0,0,0,3.0,0.0,0.0,3.0,0,0,1,2,0,3,0,0,3.0,0.0,0.0,3.0,0,0,3.0,0.0,0.0,3.0,0,0,1,2,0,3,0,0,3.0,0.0,0.0,3.0,0,0,3.0,0.0,0.0,3.0,0,0,3.0,0.0,0.0,3.0,0,0,1,2,0,3,0,0,3.0,0.0,0.0,3.0,0,0,3.0,0.0,0.0,3.0,0,0,1,2,0,3,0,0,3.0,0.0,0.0,3.0,0,0,3.0,0.0,0.0,3.0,0,0,3.0,0.0,0.0,3.0,0,0,4.0,-1.0,1.0,4.0,-1,0,3.0,0.0,0.0,3.0,0,0,3.0,0.0,0.0,3.0,0,0,3.0,0.0,0.0,3.0,0,0,3.0,0.0,0.0,3.0,0,0,5.0,5.0,0.0,3.0,0,0,5.0,5.0,3.0,0,0,3.0,0.0,3.0,0,1.0,PFD,1.0,2.0,0.0,2.0,1.0,0.0,0.0,0.0,3.0,0.0,3,0.0,0.0,0.0,0.0,3.0,0.0,3,0.0,0.0,0.0,0.0,3.0,0.0,3,0.0,0.0,0.0,0.0,5.0,5.0,3,0.0,0.0,0.0,0.0,3.0,0.0,3,0.0,0.0,0.0,0.0,3.0,0.0,3,0.0,0.0,0.0,0.0,5.0,5.0,3,0.0,0.0,0.0,0.0,3.0,0.0,3,0.0,0.0,3.0,0.0,5.0,5.0,3,0.0,0.0,0.0,0.0,3.0,0.0,3,0.0,0.0,0.0,0.0,3.0,0.0,3,0.0,0.0,0.0,0.0,3.0,0.0,3,0.0,0.0,0.0,0.0,3.0,0.0,3,0.0,0.0,0.0,0.0,3.0,0.0,3,0.0,0.0,0.0,0.0,3.0,0.0,3,0.0,0.0,0.0,0.0,3.0,0.0,3,0.0,0.0,0.0,0.0,3.0,0.0,3,0.0,0
8,0,3.0,0.0,3,0,0,5.0,5.0,3.0,0,0,5.0,5.0,3.0,0,0,5.0,5.0,3.0,0,0,5.0,5.0,5.0,3.0,0,0,5.0,5.0,5.0,3.0,0,0,5.0,5.0,5.0,3.0,0,0,5.0,5.0,5.0,3.0,0,0,5.0,5.0,5.0,3.0,0,0,5.0,5.0,5.0,3.0,0,0,5,5,5,3,0,0,5.0,5.0,5.0,3.0,0,0,5.0,5.0,5.0,3.0,0,0,5,5,5,3,0,0,5.0,5.0,5.0,3.0,0,0,5.0,5.0,5.0,3.0,0,0,5.0,5.0,5.0,3.0,0,0,5,5,5,3,0,0,5.0,5.0,5.0,3.0,0,0,5.0,5.0,5.0,3.0,0,0,5,5,5,3,0,0,5.0,5.0,5.0,3.0,0,0,5.0,5.0,5.0,3.0,0,0,5.0,5.0,5.0,3.0,0,0,5.0,5.0,5.0,3.0,0,0,5.0,5.0,5.0,3.0,0,0,5.0,5.0,5.0,3.0,0,0,5.0,5.0,5.0,3.0,0,0,5.0,5.0,5.0,3.0,0,0,5.0,5.0,5.0,3.0,0,0,5.0,5.0,3.0,0,0,5.0,5.0,3.0,0,41.0,PFD,0.0,0.0,5.0,3.0,0.0,0.0,0.0,0.0,5.0,5.0,3,0.0,1.0,5.0,5.0,5.0,5.0,5,5.0,0.0,0.0,0.0,5.0,5.0,3,0.0,0.0,0.0,0.0,5.0,5.0,3,0.0,0.0,0.0,0.0,5.0,5.0,3,0.0,0.0,0.0,0.0,5.0,5.0,3,0.0,0.0,0.0,0.0,5.0,5.0,3,0.0,0.0,0.0,0.0,5.0,5.0,3,0.0,0.0,0.0,0.0,5.0,5.0,3,0.0,0.0,0.0,0.0,5.0,5.0,3,0.0,0.0,0.0,0.0,5.0,5.0,3,0.0,1.0,5.0,5.0,5.0,5.0,5,5.0,0.0,0.0,0.0,5.0,5.0,3,0.0,0.0,0.0,0.0,5.0,5.0,3,0.0,0.0,0.0,0.0,5.0,5.0,3,0.0,0.0,0.0,0.0,5.0,5.0,3,0.0,0.0,0.0,0.0,5.0,5.0,3,0.0,0
9,0,5.0,5.0,3,0,0,3.0,0.0,3.0,0,0,3.0,0.0,3.0,0,0,3.0,0.0,3.0,0,0,3.0,0.0,0.0,3.0,0,0,0.0,3.0,0.0,3.0,0,0,3.0,0.0,0.0,3.0,0,0,5.0,5.0,0.0,3.0,0,0,3.0,0.0,0.0,3.0,0,0,3.0,0.0,0.0,3.0,0,0,1,2,0,3,0,0,3.0,0.0,0.0,3.0,0,0,3.0,0.0,0.0,3.0,0,0,1,2,0,3,0,0,3.0,0.0,0.0,3.0,0,0,3.0,0.0,0.0,3.0,0,0,3.0,0.0,0.0,3.0,0,0,5,5,5,3,0,0,2.0,1.0,5.0,3.0,0,0,2.0,1.0,5.0,3.0,0,0,5,5,5,3,0,0,2.0,1.0,5.0,3.0,0,0,2.0,1.0,5.0,3.0,0,0,2.0,1.0,5.0,3.0,0,0,2.0,1.0,5.0,3.0,0,0,2.0,1.0,5.0,3.0,0,0,2.0,1.0,5.0,3.0,0,0,3.0,0.0,0.0,3.0,0,0,3.0,0.0,0.0,3.0,0,0,1.0,2.0,0.0,3.0,0,0,5.0,5.0,3.0,0,0,3.0,0.0,3.0,0,47.0,PFDD,1.0,2.0,0.0,2.0,1.0,0.0,0.0,0.0,3.0,0.0,3,0.0,1.0,1.0,2.0,1.0,2.0,1,2.0,0.0,0.0,0.0,3.0,0.0,3,0.0,1.0,2.0,1.0,2.0,1.0,2,1.0,0.0,0.0,0.0,3.0,0.0,3,0.0,0.0,0.0,0.0,3.0,0.0,3,0.0,0.0,0.0,0.0,3.0,0.0,3,0.0,0.0,0.0,0.0,3.0,0.0,3,0.0,0.0,0.0,0.0,6.0,6.0,4,-1.0,0.0,0.0,0.0,3.0,0.0,3,0.0,0.0,0.0,0.0,3.0,0.0,3,0.0,0.0,0.0,0.0,3.0,0.0,3,0.0,0.0,0.0,0.0,3.0,0.0,3,0.0,0.0,0.0,0.0,3.0,0.0,3,0.0,0.0,0.0,0.0,3.0,0.0,3,0.0,0.0,0.0,0.0,3.0,0.0,3,0.0,0.0,0.0,0.0,3.0,0.0,3,0.0,0
10,0,5.0,5.0,3,0,0,3.0,0.0,3.0,0,0,3.0,0.0,3.0,0,0,3.0,0.0,3.0,0,0,3.0,0.0,0.0,3.0,0,0,0.0,5.0,5.0,3.0,0,0,1.0,2.0,0.0,3.0,0,0,5.0,5.0,0.0,3.0,0,0,3.0,0.0,0.0,3.0,0,0,5.0,5.0,0.0,3.0,0,0,1,2,0,3,0,0,3.0,0.0,0.0,3.0,0,0,3.0,0.0,0.0,3.0,0,0,1,2,0,3,0,0,3.0,0.0,0.0,3.0,0,0,3.0,0.0,0.0,3.0,0,0,3.0,0.0,0.0,3.0,0,0,1,2,0,3,0,0,3.0,0.0,0.0,3.0,0,0,3.0,0.0,0.0,3.0,0,0,1,2,0,3,0,0,3.0,0.0,0.0,3.0,0,0,3.0,0.0,0.0,3.0,0,0,2.0,1.0,5.0,3.0,0,0,2.0,1.0,5.0,3.0,0,0,2.0,1.0,5.0,3.0,0,0,2.0,1.0,5.0,3.0,0,0,3.0,0.0,0.0,3.0,0,0,3.0,0.0,0.0,3.0,0,0,1.0,2.0,0.0,3.0,0,0,5.0,5.0,3.0,0,0,5.0,5.0,3.0,0,1.0,PFD,1.0,1.0,0.0,1.0,2.0,0.0,0.0,0.0,3.0,0.0,3,0.0,0.0,0.0,0.0,6.0,6.0,4,-1.0,0.0,0.0,0.0,3.0,0.0,3,0.0,0.0,0.0,0.0,3.0,0.0,3,0.0,0.0,0.0,0.0,3.0,0.0,3,0.0,0.0,0.0,0.0,3.0,0.0,3,0.0,1.0,5.0,5.0,5.0,5.0,5,5.0,0.0,0.0,0.0,3.0,0.0,3,0.0,0.0,0.0,0.0,3.0,0.0,3,0.0,0.0,0.0,0.0,3.0,0.0,3,0.0,0.0,0.0,0.0,3.0,0.0,3,0.0,0.0,0.0,0.0,3.0,0.0,3,0.0,0.0,0.0,0.0,3.0,0.0,3,0.0,0.0,0.0,0.0,3.0,0.0,3,0.0,0.0,0.0,0.0,3.0,0.0,3,0.0,0.0,0.0,0.0,3.0,0.0,3,0.0,0.0,0.0,0.0,3.0,0.0,3,0.0,0
11,0,5.0,5.0,3,0,1,3.0,0.0,3.0,0,1,3.0,0.0,3.0,0,1,3.0,0.0,3.0,0,0,3.0,0.0,0.0,3.0,0,0,0.0,3.0,0.0,3.0,0,0,3.0,0.0,0.0,3.0,0,0,3.0,0.0,0.0,3.0,0,0,3.0,0.0,0.0,3.0,0,0,3.0,0.0,0.0,3.0,0,0,1,2,0,3,0,0,3.0,0.0,0.0,3.0,0,0,3.0,0.0,0.0,3.0,0,0,1,2,0,3,0,0,3.0,0.0,0.0,3.0,0,0,3.0,0.0,0.0,3.0,0,0,3.0,0.0,0.0,3.0,0,0,1,2,0,3,0,0,3.0,0.0,0.0,3.0,0,0,3.0,0.0,0.0,3.0,0,0,1,2,0,3,0,0,3.0,0.0,0.0,3.0,0,0,3.0,0.0,0.0,3.0,0,0,2.0,1.0,5.0,3.0,0,0,2.0,1.0,5.0,3.0,0,0,2.0,1.0,5.0,3.0,0,0,2.0,1.0,5.0,3.0,0,0,3.0,0.0,0.0,3.0,0,0,3.0,0.0,0.0,3.0,0,0,1.0,2.0,0.0,3.0,0,0,5.0,5.0,3.0,0,0,3.0,0.0,3.0,0,34.0,PFDD,1.0,1.0,1.0,4.0,-1.0,0.0,0.0,0.0,3.0,0.0,3,0.0,1.0,1.0,2.0,1.0,2.0,1,2.0,0.0,0.0,0.0,3.0,0.0,3,0.0,1.0,1.0,2.0,1.0,2.0,1,2.0,0.0,0.0,0.0,3.0,0.0,3,0.0,0.0,0.0,0.0,3.0,0.0,3,0.0,0.0,0.0,0.0,3.0,0.0,3,0.0,0.0,0.0,0.0,3.0,0.0,3,0.0,0.0,0.0,0.0,3.0,0.0,3,0.0,0.0,0.0,0.0,3.0,0.0,3,0.0,0.0,0.0,0.0,3.0,0.0,3,0.0,0.0,0.0,0.0,3.0,0.0,3,0.0,0.0,0.0,0.0,3.0,0.0,3,0.0,0.0,0.0,0.0,3.0,0.0,3,0.0,0.0,0.0,0.0,3.0,0.0,3,0.0,1.0,1.0,2.0,1.0,2.0,1,2.0,0.0,0.0,0.0,3.0,0.0,3,0.0,0
12,0,5.0,5.0,3,0,0,3.0,0.0,3.0,0,0,3.0,0.0,3.0,0,0,3.0,0.0,3.0,0,0,3.0,0.0,0.0,3.0,0,0,0.0,5.0,5.0,3.0,0,0,1.0,2.0,0.0,3.0,0,0,3.0,0.0,0.0,3.0,0,0,3.0,0.0,0.0,3.0,0,0,5.0,5.0,0.0,3.0,0,0,5,5,5,3,0,0,2.0,1.0,5.0,3.0,0,0,2.0,1.0,5.0,3.0,0,0,5,5,5,3,0,0,2.0,1.0,5.0,3.0,0,0,2.0,1.0,5.0,3.0,0,0,3.0,0.0,0.0,3.0,0,0,1,2,0,3,0,0,3.0,0.0,0.0,3.0,0,0,3.0,0.0,0.0,3.0,0,0,1,2,0,3,0,0,3.0,0.0,0.0,3.0,0,0,3.0,0.0,0.0,3.0,0,0,2.0,1.0,5.0,3.0,0,0,2.0,1.0,5.0,3.0,0,0,2.0,1.0,5.0,3.0,0,0,2.0,1.0,5.0,3.0,0,0,3.0,0.0,0.0,3.0,0,0,3.0,0.0,0.0,3.0,0,0,1.0,2.0,5.0,3.0,0,0,5.0,5.0,3.0,0,0,5.0,5.0,3.0,0,1.0,PFD,0.0,0.0,0.0,3.0,0.0,0.0,0.0,0.0,3.0,0.0,3,0.0,0.0,0.0,0.0,3.0,0.0,3,0.0,0.0,0.0,0.0,3.0,0.0,3,0.0,0.0,0.0,0.0,3.0,0.0,3,0.0,0.0,0.0,0.0,3.0,0.0,3,0.0,0.0,0.0,0.0,3.0,0.0,3,0.0,0.0,0.0,0.0,3.0,0.0,3,0.0,0.0,0.0,0.0,3.0,0.0,3,0.0,0.0,0.0,0.0,3.0,0.0,3,0.0,0.0,0.0,0.0,3.0,0.0,3,0.0,0.0,0.0,0.0,3.0,0.0,3,0.0,0.0,0.0,0.0,3.0,0.0,3,0.0,0.0,0.0,0.0,3.0,0.0,3,0.0,0.0,0.0,0.0,3.0,0.0,3,0.0,0.0,0.0,0.0,3.0,0.0,3,0.0,0.0,0.0,0.0,3.0,0.0,3,0.0,0.0,0.0,0.0,3.0,0.0,3,0.0,1
14,0,5.0,5.0,3,0,0,3.0,0.0,3.0,0,0,3.0,0.0,3.0,0,0,3.0,0.0,3.0,0,0,3.0,0.0,0.0,3.0,0,0,0.0,5.0,5.0,3.0,0,0,1.0,2.0,0.0,3.0,0,0,5.0,5.0,0.0,3.0,0,0,3.0,0.0,0.0,3.0,0,0,5.0,5.0,0.0,3.0,0,0,5,5,5,3,0,0,2.0,1.0,5.0,3.0,0,0,2.0,1.0,5.0,3.0,0,0,5,5,5,3,0,0,2.0,1.0,5.0,3.0,0,0,2.0,1.0,5.0,3.0,0,0,3.0,0.0,0.0,3.0,0,0,1,2,0,3,0,0,3.0,0.0,0.0,3.0,0,0,3.0,0.0,0.0,3.0,0,0,1,2,0,3,0,0,3.0,0.0,0.0,3.0,0,0,3.0,0.0,0.0,3.0,0,0,2.0,1.0,5.0,3.0,0,0,2.0,1.0,5.0,3.0,0,0,2.0,1.0,5.0,3.0,0,0,2.0,1.0,5.0,3.0,0,0,3.0,0.0,0.0,3.0,0,0,3.0,0.0,0.0,3.0,0,0,5.0,5.0,0.0,3.0,0,1,5.0,5.0,5.0,5,0,3.0,0.0,3.0,0,1.0,PFD,1.0,3.0,0.0,3.0,0.0,0.0,0.0,0.0,3.0,0.0,3,0.0,1.0,1.0,2.0,1.0,2.0,1,2.0,0.0,0.0,0.0,3.0,0.0,3,0.0,1.0,5.0,5.0,5.0,5.0,5,5.0,0.0,0.0,0.0,3.0,0.0,3,0.0,0.0,0.0,0.0,3.0,0.0,3,0.0,0.0,0.0,0.0,3.0,0.0,3,0.0,0.0,0.0,0.0,3.0,0.0,3,0.0,0.0,0.0,0.0,3.0,0.0,3,0.0,0.0,0.0,0.0,3.0,0.0,3,0.0,0.0,0.0,0.0,3.0,0.0,3,0.0,0.0,0.0,0.0,3.0,0.0,3,0.0,0.0,0.0,0.0,3.0,0.0,3,0.0,0.0,0.0,0.0,5.0,5.0,3,0.0,0.0,0.0,0.0,3.0,0.0,3,0.0,0.0,0.0,0.0,3.0,0.0,3,0.0,0.0,0.0,0.0,3.0,0.0,3,0.0,0
15,0,3.0,0.0,3,0,0,3.0,0.0,3.0,0,0,3.0,0.0,3.0,0,0,3.0,0.0,3.0,0,0,3.0,0.0,0.0,3.0,0,0,0.0,3.0,0.0,3.0,0,0,3.0,0.0,0.0,3.0,0,0,3.0,0.0,0.0,3.0,0,0,3.0,0.0,0.0,3.0,0,0,3.0,0.0,0.0,3.0,0,0,1,2,0,3,0,0,3.0,0.0,0.0,3.0,0,0,3.0,0.0,0.0,3.0,0,0,1,2,0,3,0,0,3.0,0.0,0.0,3.0,0,0,3.0,0.0,0.0,3.0,0,0,3.0,0.0,0.0,3.0,0,0,1,2,0,3,0,0,3.0,0.0,0.0,3.0,0,0,3.0,0.0,0.0,3.0,0,0,1,2,0,3,0,0,3.0,0.0,0.0,3.0,0,0,3.0,0.0,0.0,3.0,0,0,3.0,0.0,0.0,3.0,0,0,3.0,0.0,0.0,3.0,0,0,3.0,0.0,0.0,3.0,0,0,3.0,0.0,0.0,3.0,0,0,3.0,0.0,0.0,3.0,0,0,3.0,0.0,0.0,3.0,0,0,1.0,2.0,0.0,3.0,0,0,3.0,0.0,3.0,0,0,3.0,0.0,3.0,0,34.0,PFDD,1.0,1.0,0.0,1.0,2.0,0.0,0.0,0.0,3.0,0.0,3,0.0,0.0,0.0,0.0,3.0,0.0,3,0.0,0.0,0.0,0.0,3.0,0.0,3,0.0,0.0,0.0,0.0,3.0,0.0,3,0.0,0.0,0.0,0.0,3.0,0.0,3,0.0,0.0,0.0,0.0,3.0,0.0,3,0.0,0.0,0.0,0.0,3.0,0.0,3,0.0,0.0,0.0,0.0,3.0,0.0,3,0.0,1.0,3.0,0.0,3.0,0.0,3,0.0,1.0,1.0,2.0,1.0,2.0,1,2.0,0.0,0.0,0.0,3.0,0.0,3,0.0,0.0,0.0,0.0,3.0,0.0,3,0.0,0.0,0.0,0.0,3.0,0.0,3,0.0,0.0,0.0,0.0,3.0,0.0,3,0.0,1.0,2.0,1.0,2.0,1.0,2,1.0,1.0,1.0,2.0,1.0,2.0,1,2.0,0.0,0.0,0.0,3.0,0.0,3,0.0,0
16,0,5.0,5.0,3,0,0,5.0,5.0,3.0,0,0,3.0,0.0,3.0,0,0,3.0,0.0,3.0,0,0,3.0,0.0,0.0,3.0,0,0,0.0,3.0,0.0,3.0,0,0,3.0,0.0,0.0,3.0,0,0,3.0,0.0,0.0,3.0,0,0,3.0,0.0,0.0,3.0,0,0,3.0,0.0,0.0,3.0,0,0,1,2,0,3,0,0,3.0,0.0,0.0,3.0,0,0,3.0,0.0,0.0,3.0,0,0,1,2,0,3,0,0,3.0,0.0,0.0,3.0,0,0,3.0,0.0,0.0,3.0,0,0,3.0,0.0,0.0,3.0,0,0,1,2,0,3,0,0,3.0,0.0,0.0,3.0,0,0,3.0,0.0,0.0,3.0,0,0,1,2,0,3,0,0,3.0,0.0,0.0,3.0,0,0,3.0,0.0,0.0,3.0,0,0,2.0,1.0,5.0,3.0,0,0,2.0,1.0,5.0,3.0,0,0,2.0,1.0,5.0,3.0,0,0,2.0,1.0,5.0,3.0,0,0,3.0,0.0,0.0,3.0,0,0,3.0,0.0,0.0,3.0,0,0,5.0,5.0,0.0,3.0,0,0,3.0,0.0,3.0,0,0,3.0,0.0,3.0,0,27.0,PFD,1.0,1.0,0.0,1.0,2.0,0.0,0.0,0.0,3.0,0.0,3,0.0,0.0,0.0,0.0,5.0,5.0,3,0.0,0.0,0.0,0.0,3.0,0.0,3,0.0,0.0,0.0,0.0,3.0,0.0,3,0.0,0.0,0.0,0.0,3.0,0.0,3,0.0,0.0,0.0,0.0,3.0,0.0,3,0.0,0.0,0.0,0.0,3.0,0.0,3,0.0,0.0,0.0,0.0,3.0,0.0,3,0.0,0.0,0.0,0.0,5.0,5.0,3,0.0,0.0,0.0,0.0,6.0,6.0,4,-1.0,0.0,0.0,0.0,3.0,0.0,3,0.0,0.0,0.0,0.0,3.0,0.0,3,0.0,0.0,0.0,0.0,3.0,0.0,3,0.0,0.0,0.0,0.0,3.0,0.0,3,0.0,0.0,0.0,0.0,3.0,0.0,3,0.0,0.0,0.0,0.0,3.0,0.0,3,0.0,0.0,0.0,0.0,3.0,0.0,3,0.0,0
17,0,3.0,0.0,3,0,0,5.0,5.0,3.0,0,0,5.0,5.0,3.0,0,0,5.0,5.0,3.0,0,0,5.0,5.0,5.0,3.0,0,0,5.0,5.0,5.0,3.0,0,1,5.0,5.0,5.0,5.0,5,1,5.0,5.0,5.0,5.0,5,0,5.0,5.0,5.0,3.0,0,0,5.0,5.0,5.0,3.0,0,0,5,5,5,3,0,0,5.0,5.0,5.0,3.0,0,0,5.0,5.0,5.0,3.0,0,0,5,5,5,3,0,0,5.0,5.0,5.0,3.0,0,0,5.0,5.0,5.0,3.0,0,0,5.0,5.0,5.0,3.0,0,0,5,5,5,3,0,0,5.0,5.0,5.0,3.0,0,0,5.0,5.0,5.0,3.0,0,0,5,5,5,3,0,0,5.0,5.0,5.0,3.0,0,0,5.0,5.0,5.0,3.0,0,0,5.0,5.0,5.0,3.0,0,0,5.0,5.0,5.0,3.0,0,0,5.0,5.0,5.0,3.0,0,0,5.0,5.0,5.0,3.0,0,0,5.0,5.0,5.0,3.0,0,0,5.0,5.0,5.0,3.0,0,1,5.0,5.0,5.0,5.0,5,0,5.0,5.0,3.0,0,1,5.0,5.0,5.0,5,6.0,PFDD,0.0,0.0,5.0,3.0,0.0,0.0,0.0,0.0,5.0,5.0,3,0.0,0.0,0.0,0.0,5.0,5.0,3,0.0,0.0,0.0,0.0,5.0,5.0,3,0.0,1.0,5.0,5.0,5.0,5.0,5,5.0,1.0,5.0,5.0,5.0,5.0,5,5.0,1.0,5.0,5.0,5.0,5.0,5,5.0,1.0,5.0,5.0,5.0,5.0,5,5.0,0.0,0.0,0.0,5.0,5.0,3,0.0,0.0,0.0,0.0,5.0,5.0,3,0.0,0.0,0.0,0.0,5.0,5.0,3,0.0,0.0,0.0,0.0,5.0,5.0,3,0.0,0.0,0.0,0.0,5.0,5.0,3,0.0,0.0,0.0,0.0,5.0,5.0,3,0.0,0.0,0.0,0.0,5.0,5.0,3,0.0,1.0,5.0,5.0,5.0,5.0,5,5.0,0.0,0.0,0.0,5.0,5.0,3,0.0,0.0,0.0,0.0,5.0,5.0,3,0.0,0
19,0,5.0,5.0,3,0,0,3.0,0.0,3.0,0,0,3.0,0.0,3.0,0,0,3.0,0.0,3.0,0,0,3.0,0.0,0.0,3.0,0,0,0.0,5.0,5.0,3.0,0,0,3.0,0.0,0.0,3.0,0,0,3.0,0.0,0.0,3.0,0,0,3.0,0.0,0.0,3.0,0,0,3.0,0.0,0.0,3.0,0,0,1,2,0,3,0,0,3.0,0.0,0.0,3.0,0,0,3.0,0.0,0.0,3.0,0,0,1,2,0,3,0,0,3.0,0.0,0.0,3.0,0,0,3.0,0.0,0.0,3.0,0,0,3.0,0.0,0.0,3.0,0,0,1,2,0,3,0,0,3.0,0.0,0.0,3.0,0,0,3.0,0.0,0.0,3.0,0,0,1,2,0,3,0,0,3.0,0.0,0.0,3.0,0,0,3.0,0.0,0.0,3.0,0,0,2.0,1.0,5.0,3.0,0,0,2.0,1.0,5.0,3.0,0,0,2.0,1.0,5.0,3.0,0,0,2.0,1.0,5.0,3.0,0,0,3.0,0.0,0.0,3.0,0,0,3.0,0.0,0.0,3.0,0,0,1.0,2.0,0.0,3.0,0,0,5.0,5.0,3.0,0,0,3.0,0.0,3.0,0,33.0,PFDD,1.0,1.0,0.0,1.0,2.0,0.0,0.0,0.0,3.0,0.0,3,0.0,0.0,0.0,0.0,3.0,0.0,3,0.0,0.0,0.0,0.0,3.0,0.0,3,0.0,0.0,0.0,0.0,3.0,0.0,3,0.0,0.0,0.0,0.0,3.0,0.0,3,0.0,0.0,0.0,0.0,3.0,0.0,3,0.0,0.0,0.0,0.0,3.0,0.0,3,0.0,0.0,0.0,0.0,3.0,0.0,3,0.0,0.0,0.0,0.0,1.0,2.0,3,0.0,0.0,0.0,0.0,3.0,0.0,3,0.0,0.0,0.0,0.0,3.0,0.0,3,0.0,0.0,0.0,0.0,3.0,0.0,3,0.0,0.0,0.0,0.0,3.0,0.0,3,0.0,0.0,0.0,0.0,3.0,0.0,3,0.0,1.0,1.0,2.0,1.0,2.0,1,2.0,0.0,0.0,0.0,3.0,0.0,3,0.0,0.0,0.0,0.0,3.0,0.0,3,0.0,0
20,0,5.0,5.0,3,0,0,3.0,0.0,3.0,0,0,3.0,0.0,3.0,0,0,3.0,0.0,3.0,0,0,3.0,0.0,0.0,3.0,0,0,0.0,3.0,0.0,3.0,0,0,3.0,0.0,0.0,3.0,0,0,3.0,0.0,0.0,3.0,0,0,3.0,0.0,0.0,3.0,0,0,3.0,0.0,0.0,3.0,0,0,1,2,0,3,0,0,3.0,0.0,0.0,3.0,0,0,3.0,0.0,0.0,3.0,0,0,1,2,0,3,0,0,3.0,0.0,0.0,3.0,0,0,3.0,0.0,0.0,3.0,0,0,3.0,0.0,0.0,3.0,0,0,1,2,0,3,0,0,3.0,0.0,0.0,3.0,0,0,3.0,0.0,0.0,3.0,0,0,1,2,0,3,0,0,3.0,0.0,0.0,3.0,0,0,3.0,0.0,0.0,3.0,0,0,2.0,1.0,5.0,3.0,0,0,2.0,1.0,5.0,3.0,0,0,2.0,1.0,5.0,3.0,0,0,2.0,1.0,5.0,3.0,0,0,3.0,0.0,0.0,3.0,0,0,3.0,0.0,0.0,3.0,0,0,1.0,2.0,0.0,3.0,0,0,5.0,5.0,3.0,0,0,3.0,0.0,3.0,0,34.0,PFDD,0.0,0.0,0.0,3.0,0.0,0.0,0.0,0.0,3.0,0.0,3,0.0,0.0,0.0,0.0,3.0,0.0,3,0.0,0.0,0.0,0.0,3.0,0.0,3,0.0,0.0,0.0,0.0,3.0,0.0,3,0.0,0.0,0.0,0.0,3.0,0.0,3,0.0,0.0,0.0,0.0,3.0,0.0,3,0.0,0.0,0.0,0.0,3.0,0.0,3,0.0,0.0,0.0,0.0,3.0,0.0,3,0.0,0.0,0.0,0.0,3.0,0.0,3,0.0,0.0,0.0,0.0,3.0,0.0,3,0.0,0.0,0.0,0.0,3.0,0.0,3,0.0,0.0,0.0,0.0,3.0,0.0,3,0.0,0.0,0.0,0.0,3.0,0.0,3,0.0,0.0,0.0,0.0,3.0,0.0,3,0.0,0.0,0.0,0.0,3.0,0.0,3,0.0,0.0,0.0,0.0,2.0,1.0,3,0.0,0.0,0.0,0.0,3.0,0.0,3,0.0,1
21,0,5.0,5.0,3,0,0,5.0,5.0,3.0,0,0,3.0,0.0,3.0,0,0,3.0,0.0,3.0,0,0,3.0,0.0,0.0,3.0,0,0,0.0,3.0,0.0,3.0,0,0,1.0,2.0,0.0,3.0,0,0,3.0,0.0,0.0,3.0,0,0,3.0,0.0,0.0,3.0,0,0,3.0,0.0,0.0,3.0,0,0,1,2,0,3,0,0,3.0,0.0,0.0,3.0,0,0,3.0,0.0,0.0,3.0,0,0,1,2,0,3,0,0,3.0,0.0,0.0,3.0,0,0,3.0,0.0,0.0,3.0,0,0,3.0,0.0,0.0,3.0,0,0,1,2,0,3,0,0,3.0,0.0,0.0,3.0,0,0,3.0,0.0,0.0,3.0,0,0,1,2,0,3,0,0,3.0,0.0,0.0,3.0,0,0,3.0,0.0,0.0,3.0,0,0,2.0,1.0,5.0,3.0,0,0,2.0,1.0,5.0,3.0,0,0,2.0,1.0,5.0,3.0,0,0,2.0,1.0,5.0,3.0,0,0,3.0,0.0,0.0,3.0,0,0,3.0,0.0,0.0,3.0,0,0,5.0,5.0,0.0,3.0,0,0,3.0,0.0,3.0,0,0,5.0,5.0,3.0,0,34.0,PFDD,1.0,2.0,0.0,2.0,1.0,0.0,0.0,0.0,3.0,0.0,3,0.0,1.0,1.0,2.0,3.0,0.0,3,0.0,0.0,0.0,0.0,3.0,0.0,3,0.0,1.0,1.0,2.0,1.0,2.0,1,2.0,0.0,0.0,0.0,3.0,0.0,3,0.0,0.0,0.0,0.0,3.0,0.0,3,0.0,0.0,0.0,0.0,3.0,0.0,3,0.0,0.0,0.0,0.0,3.0,0.0,3,0.0,1.0,3.0,0.0,3.0,0.0,3,0.0,0.0,0.0,0.0,6.0,6.0,4,-1.0,0.0,0.0,0.0,3.0,0.0,3,0.0,0.0,0.0,0.0,6.0,6.0,4,-1.0,0.0,0.0,0.0,3.0,0.0,3,0.0,0.0,0.0,0.0,3.0,0.0,3,0.0,0.0,0.0,0.0,3.0,0.0,3,0.0,0.0,0.0,0.0,3.0,0.0,3,0.0,0.0,0.0,0.0,3.0,0.0,3,0.0,0
22,0,5.0,5.0,3,0,0,3.0,0.0,3.0,0,0,3.0,0.0,3.0,0,0,3.0,0.0,3.0,0,0,3.0,0.0,0.0,3.0,0,0,0.0,3.0,0.0,3.0,0,0,3.0,0.0,0.0,3.0,0,0,3.0,0.0,0.0,3.0,0,0,3.0,0.0,0.0,3.0,0,0,3.0,0.0,0.0,3.0,0,0,1,2,0,3,0,0,3.0,0.0,0.0,3.0,0,0,3.0,0.0,0.0,3.0,0,0,1,2,0,3,0,0,3.0,0.0,0.0,3.0,0,0,3.0,0.0,0.0,3.0,0,0,3.0,0.0,0.0,3.0,0,0,1,2,0,3,0,0,3.0,0.0,0.0,3.0,0,0,3.0,0.0,0.0,3.0,0,0,1,2,0,3,0,0,3.0,0.0,0.0,3.0,0,0,3.0,0.0,0.0,3.0,0,0,2.0,1.0,5.0,3.0,0,0,2.0,1.0,5.0,3.0,0,0,2.0,1.0,5.0,3.0,0,0,2.0,1.0,5.0,3.0,0,0,3.0,0.0,0.0,3.0,0,0,3.0,0.0,0.0,3.0,0,0,1.0,2.0,0.0,3.0,0,0,3.0,0.0,3.0,0,0,5.0,5.0,3.0,0,8.0,PFD,1.0,1.0,0.0,1.0,2.0,0.0,0.0,0.0,3.0,0.0,3,0.0,0.0,0.0,0.0,3.0,0.0,3,0.0,0.0,0.0,0.0,3.0,0.0,3,0.0,0.0,0.0,0.0,3.0,0.0,3,0.0,0.0,0.0,0.0,3.0,0.0,3,0.0,0.0,0.0,0.0,3.0,0.0,3,0.0,0.0,0.0,0.0,3.0,0.0,3,0.0,0.0,0.0,0.0,3.0,0.0,3,0.0,0.0,0.0,0.0,3.0,0.0,3,0.0,0.0,0.0,0.0,3.0,0.0,3,0.0,0.0,0.0,0.0,3.0,0.0,3,0.0,0.0,0.0,0.0,3.0,0.0,3,0.0,0.0,0.0,0.0,3.0,0.0,3,0.0,0.0,0.0,0.0,3.0,0.0,3,0.0,0.0,0.0,0.0,3.0,0.0,3,0.0,0.0,0.0,0.0,3.0,0.0,3,0.0,0.0,0.0,0.0,3.0,0.0,3,0.0,0
23,0,3.0,0.0,3,0,0,3.0,0.0,3.0,0,0,3.0,0.0,3.0,0,0,3.0,0.0,3.0,0,0,3.0,0.0,0.0,3.0,0,0,0.0,3.0,0.0,3.0,0,0,3.0,0.0,0.0,3.0,0,0,3.0,0.0,0.0,3.0,0,0,3.0,0.0,0.0,3.0,0,0,3.0,0.0,0.0,3.0,0,0,5,5,5,3,0,0,2.0,1.0,5.0,3.0,0,0,2.0,1.0,5.0,3.0,0,0,5,5,5,3,0,0,2.0,1.0,5.0,3.0,0,0,2.0,1.0,5.0,3.0,0,0,3.0,0.0,0.0,3.0,0,0,1,2,0,3,0,0,3.0,0.0,0.0,3.0,0,0,3.0,0.0,0.0,3.0,0,0,1,2,0,3,0,0,3.0,0.0,0.0,3.0,0,0,3.0,0.0,0.0,3.0,0,0,2.0,1.0,5.0,3.0,0,0,2.0,1.0,5.0,3.0,0,0,2.0,1.0,5.0,3.0,0,0,2.0,1.0,5.0,3.0,0,0,3.0,0.0,0.0,3.0,0,0,3.0,0.0,0.0,3.0,0,0,1.0,2.0,0.0,3.0,0,0,5.0,5.0,3.0,0,0,3.0,0.0,3.0,0,6.0,PFDD,0.0,0.0,1.0,4.0,-1.0,0.0,0.0,0.0,3.0,0.0,3,0.0,0.0,0.0,0.0,3.0,0.0,3,0.0,0.0,0.0,0.0,3.0,0.0,3,0.0,0.0,0.0,0.0,3.0,0.0,3,0.0,0.0,0.0,0.0,3.0,0.0,3,0.0,0.0,0.0,0.0,3.0,0.0,3,0.0,0.0,0.0,0.0,3.0,0.0,3,0.0,0.0,0.0,0.0,3.0,0.0,3,0.0,0.0,0.0,0.0,3.0,0.0,3,0.0,0.0,0.0,0.0,3.0,0.0,3,0.0,0.0,0.0,0.0,3.0,0.0,3,0.0,0.0,0.0,0.0,3.0,0.0,3,0.0,0.0,0.0,0.0,3.0,0.0,3,0.0,0.0,0.0,0.0,3.0,0.0,3,0.0,1.0,1.0,2.0,1.0,2.0,1,2.0,0.0,0.0,0.0,3.0,0.0,3,0.0,0.0,0.0,0.0,3.0,0.0,3,0.0,0
24,0,5.0,5.0,3,0,0,3.0,0.0,3.0,0,0,3.0,0.0,3.0,0,0,3.0,0.0,3.0,0,0,3.0,0.0,0.0,3.0,0,0,0.0,3.0,0.0,3.0,0,0,1.0,2.0,0.0,3.0,0,0,3.0,0.0,0.0,3.0,0,0,3.0,0.0,0.0,3.0,0,0,3.0,0.0,0.0,3.0,0,0,1,2,0,3,0,0,3.0,0.0,0.0,3.0,0,0,3.0,0.0,0.0,3.0,0,0,1,2,0,3,0,0,3.0,0.0,0.0,3.0,0,0,3.0,0.0,0.0,3.0,0,0,3.0,0.0,0.0,3.0,0,0,1,2,0,3,0,0,3.0,0.0,0.0,3.0,0,0,3.0,0.0,0.0,3.0,0,0,1,2,0,3,0,0,3.0,0.0,0.0,3.0,0,0,3.0,0.0,0.0,3.0,0,0,2.0,1.0,5.0,3.0,0,0,2.0,1.0,5.0,3.0,0,0,2.0,1.0,5.0,3.0,0,0,2.0,1.0,5.0,3.0,0,0,3.0,0.0,0.0,3.0,0,0,3.0,0.0,0.0,3.0,0,0,1.0,2.0,0.0,3.0,0,0,5.0,5.0,3.0,0,0,3.0,0.0,3.0,0,33.0,PFDD,1.0,1.0,0.0,1.0,2.0,0.0,0.0,0.0,3.0,0.0,3,0.0,0.0,0.0,0.0,3.0,0.0,3,0.0,0.0,0.0,0.0,3.0,0.0,3,0.0,0.0,0.0,0.0,3.0,0.0,3,0.0,0.0,0.0,0.0,3.0,0.0,3,0.0,0.0,0.0,0.0,3.0,0.0,3,0.0,0.0,0.0,0.0,3.0,0.0,3,0.0,0.0,0.0,0.0,3.0,0.0,3,0.0,0.0,0.0,0.0,1.0,2.0,3,0.0,0.0,0.0,0.0,1.0,2.0,3,0.0,0.0,0.0,0.0,3.0,0.0,3,0.0,0.0,0.0,0.0,3.0,0.0,3,0.0,0.0,0.0,0.0,3.0,0.0,3,0.0,0.0,0.0,0.0,3.0,0.0,3,0.0,0.0,0.0,0.0,3.0,0.0,3,0.0,0.0,0.0,0.0,3.0,0.0,3,0.0,0.0,0.0,0.0,3.0,0.0,3,0.0,0
25,0,5.0,5.0,3,0,0,3.0,0.0,3.0,0,0,3.0,0.0,3.0,0,0,3.0,0.0,3.0,0,0,5.0,5.0,0.0,3.0,0,0,0.0,5.0,5.0,3.0,0,0,1.0,2.0,0.0,3.0,0,0,5.0,5.0,0.0,3.0,0,0,5.0,5.0,0.0,3.0,0,0,5.0,5.0,0.0,3.0,0,0,1,2,0,3,0,0,3.0,0.0,0.0,3.0,0,0,3.0,0.0,0.0,3.0,0,0,1,2,0,3,0,0,3.0,0.0,0.0,3.0,0,0,3.0,0.0,0.0,3.0,0,0,2.0,1.0,5.0,3.0,0,0,5,5,5,3,0,0,2.0,1.0,5.0,3.0,0,0,2.0,1.0,5.0,3.0,0,0,5,5,5,3,0,0,2.0,1.0,5.0,3.0,0,0,2.0,1.0,5.0,3.0,0,0,2.0,1.0,5.0,3.0,0,0,2.0,1.0,5.0,3.0,0,0,2.0,1.0,5.0,3.0,0,0,2.0,1.0,5.0,3.0,0,0,2.0,1.0,5.0,3.0,0,0,2.0,1.0,5.0,3.0,0,0,5.0,5.0,0.0,3.0,0,0,5.0,5.0,3.0,0,0,3.0,0.0,3.0,0,35.0,PFDD,0.0,0.0,0.0,3.0,0.0,0.0,0.0,0.0,3.0,0.0,3,0.0,0.0,0.0,0.0,3.0,0.0,3,0.0,0.0,0.0,0.0,3.0,0.0,3,0.0,0.0,0.0,0.0,3.0,0.0,3,0.0,0.0,0.0,0.0,3.0,0.0,3,0.0,0.0,0.0,0.0,3.0,0.0,3,0.0,0.0,0.0,0.0,3.0,0.0,3,0.0,0.0,0.0,0.0,3.0,0.0,3,0.0,0.0,0.0,0.0,3.0,0.0,3,0.0,0.0,0.0,0.0,3.0,0.0,3,0.0,0.0,0.0,0.0,3.0,0.0,3,0.0,0.0,0.0,0.0,3.0,0.0,3,0.0,0.0,0.0,0.0,3.0,0.0,3,0.0,0.0,0.0,0.0,3.0,0.0,3,0.0,0.0,0.0,0.0,3.0,0.0,3,0.0,0.0,0.0,0.0,3.0,0.0,3,0.0,0.0,0.0,0.0,3.0,0.0,3,0.0,1
26,0,5.0,5.0,3,0,0,3.0,0.0,3.0,0,0,3.0,0.0,3.0,0,0,3.0,0.0,3.0,0,0,3.0,0.0,0.0,3.0,0,0,0.0,3.0,0.0,3.0,0,0,3.0,0.0,0.0,3.0,0,0,3.0,0.0,0.0,3.0,0,0,3.0,0.0,0.0,3.0,0,0,3.0,0.0,0.0,3.0,0,0,1,2,0,3,0,0,3.0,0.0,0.0,3.0,0,0,3.0,0.0,0.0,3.0,0,0,1,2,0,3,0,0,3.0,0.0,0.0,3.0,0,0,3.0,0.0,0.0,3.0,0,0,3.0,0.0,0.0,3.0,0,0,1,2,0,3,0,0,3.0,0.0,0.0,3.0,0,0,3.0,0.0,0.0,3.0,0,0,1,2,1,4,-1,0,3.0,0.0,0.0,3.0,0,0,3.0,0.0,1.0,3.0,0,0,2.0,1.0,5.0,3.0,0,0,2.0,1.0,5.0,3.0,0,0,2.0,1.0,5.0,3.0,0,0,2.0,1.0,5.0,3.0,0,0,3.0,0.0,0.0,3.0,0,0,3.0,0.0,0.0,3.0,0,0,5.0,5.0,0.0,3.0,0,0,5.0,5.0,3.0,0,0,3.0,0.0,3.0,0,27.0,PFD,0.0,0.0,0.0,3.0,0.0,0.0,0.0,0.0,3.0,0.0,3,0.0,0.0,0.0,0.0,3.0,0.0,3,0.0,0.0,0.0,0.0,3.0,0.0,3,0.0,0.0,0.0,0.0,3.0,0.0,3,0.0,0.0,0.0,0.0,3.0,0.0,3,0.0,0.0,0.0,0.0,3.0,0.0,3,0.0,0.0,0.0,0.0,3.0,0.0,3,0.0,0.0,0.0,0.0,3.0,0.0,3,0.0,0.0,0.0,0.0,3.0,0.0,3,0.0,0.0,0.0,0.0,3.0,0.0,3,0.0,0.0,0.0,0.0,3.0,0.0,3,0.0,0.0,0.0,0.0,3.0,0.0,3,0.0,0.0,0.0,0.0,3.0,0.0,3,0.0,0.0,0.0,0.0,3.0,0.0,3,0.0,0.0,0.0,0.0,3.0,0.0,3,0.0,0.0,0.0,0.0,3.0,0.0,3,0.0,0.0,0.0,0.0,3.0,0.0,3,0.0,1
27,0,3.0,0.0,3,0,1,5.0,5.0,5.0,5,0,5.0,5.0,3.0,0,0,5.0,5.0,3.0,0,0,5.0,5.0,5.0,3.0,0,0,5.0,5.0,5.0,3.0,0,0,5.0,5.0,5.0,3.0,0,0,5.0,5.0,5.0,3.0,0,0,5.0,5.0,5.0,3.0,0,0,5.0,5.0,5.0,3.0,0,0,5,5,5,3,0,0,5.0,5.0,5.0,3.0,0,0,5.0,5.0,5.0,3.0,0,0,5,5,5,3,0,0,5.0,5.0,5.0,3.0,0,0,5.0,5.0,5.0,3.0,0,0,5.0,5.0,5.0,3.0,0,0,5,5,5,3,0,0,5.0,5.0,5.0,3.0,0,0,5.0,5.0,5.0,3.0,0,0,5,5,5,3,0,0,5.0,5.0,5.0,3.0,0,0,5.0,5.0,5.0,3.0,0,0,5.0,5.0,5.0,3.0,0,0,5.0,5.0,5.0,3.0,0,0,5.0,5.0,5.0,3.0,0,0,5.0,5.0,5.0,3.0,0,0,5.0,5.0,5.0,3.0,0,0,5.0,5.0,5.0,3.0,0,0,5.0,5.0,5.0,3.0,0,0,5.0,5.0,3.0,0,1,5.0,5.0,5.0,5,23.0,PFDD,1.0,5.0,5.0,5.0,5.0,0.0,0.0,0.0,5.0,5.0,3,0.0,1.0,5.0,5.0,5.0,5.0,5,5.0,0.0,0.0,0.0,5.0,5.0,3,0.0,0.0,0.0,0.0,5.0,5.0,3,0.0,0.0,0.0,0.0,5.0,5.0,3,0.0,0.0,0.0,0.0,5.0,5.0,3,0.0,0.0,0.0,0.0,5.0,5.0,3,0.0,0.0,0.0,0.0,5.0,5.0,3,0.0,0.0,0.0,0.0,5.0,5.0,3,0.0,0.0,0.0,0.0,5.0,5.0,3,0.0,0.0,0.0,0.0,5.0,5.0,3,0.0,0.0,0.0,0.0,5.0,5.0,3,0.0,0.0,0.0,0.0,5.0,5.0,3,0.0,0.0,0.0,0.0,5.0,5.0,3,0.0,1.0,5.0,5.0,5.0,5.0,5,5.0,0.0,0.0,0.0,5.0,5.0,3,0.0,0.0,0.0,0.0,5.0,5.0,3,0.0,0
28,0,5.0,5.0,3,0,0,3.0,0.0,3.0,0,0,3.0,0.0,3.0,0,0,3.0,0.0,3.0,0,0,3.0,0.0,0.0,3.0,0,0,0.0,5.0,5.0,3.0,0,0,1.0,2.0,0.0,3.0,0,0,5.0,5.0,0.0,3.0,0,0,3.0,0.0,0.0,3.0,0,0,5.0,5.0,0.0,3.0,0,0,1,2,0,3,0,0,3.0,0.0,0.0,3.0,0,0,3.0,0.0,0.0,3.0,0,0,1,2,0,3,0,0,3.0,0.0,0.0,3.0,0,0,3.0,0.0,0.0,3.0,0,0,3.0,0.0,0.0,3.0,0,0,1,2,0,3,0,0,3.0,0.0,0.0,3.0,0,0,3.0,0.0,0.0,3.0,0,0,1,2,0,3,0,0,3.0,0.0,0.0,3.0,0,0,3.0,0.0,0.0,3.0,0,0,2.0,1.0,5.0,3.0,0,0,2.0,1.0,5.0,3.0,0,0,2.0,1.0,5.0,3.0,0,0,2.0,1.0,5.0,3.0,0,0,3.0,0.0,0.0,3.0,0,0,3.0,0.0,0.0,3.0,0,0,1.0,2.0,0.0,3.0,0,0,3.0,0.0,3.0,0,0,3.0,0.0,3.0,0,1.0,PFD,0.0,0.0,0.0,3.0,0.0,0.0,0.0,0.0,3.0,0.0,3,0.0,0.0,0.0,0.0,3.0,0.0,3,0.0,0.0,0.0,0.0,3.0,0.0,3,0.0,0.0,0.0,0.0,3.0,0.0,3,0.0,0.0,0.0,0.0,3.0,0.0,3,0.0,0.0,0.0,0.0,3.0,0.0,3,0.0,0.0,0.0,0.0,3.0,0.0,3,0.0,0.0,0.0,0.0,3.0,0.0,3,0.0,0.0,0.0,0.0,3.0,0.0,3,0.0,0.0,0.0,0.0,3.0,0.0,3,0.0,0.0,0.0,0.0,3.0,0.0,3,0.0,0.0,0.0,0.0,3.0,0.0,3,0.0,0.0,0.0,0.0,3.0,0.0,3,0.0,0.0,0.0,0.0,3.0,0.0,3,0.0,0.0,0.0,0.0,3.0,0.0,3,0.0,0.0,0.0,0.0,3.0,0.0,3,0.0,0.0,0.0,0.0,3.0,0.0,3,0.0,1
29,0,3.0,0.0,3,0,1,5.0,5.0,5.0,5,0,5.0,5.0,3.0,0,0,5.0,5.0,3.0,0,0,5.0,5.0,5.0,3.0,0,0,5.0,5.0,5.0,3.0,0,0,5.0,5.0,5.0,3.0,0,0,5.0,5.0,5.0,3.0,0,0,5.0,5.0,5.0,3.0,0,0,5.0,5.0,5.0,3.0,0,0,5,5,5,3,0,0,5.0,5.0,5.0,3.0,0,0,5.0,5.0,5.0,3.0,0,0,5,5,5,3,0,0,5.0,5.0,5.0,3.0,0,0,5.0,5.0,5.0,3.0,0,0,5.0,5.0,5.0,3.0,0,0,5,5,5,3,0,0,5.0,5.0,5.0,3.0,0,0,5.0,5.0,5.0,3.0,0,0,5,5,5,3,0,0,5.0,5.0,5.0,3.0,0,0,5.0,5.0,5.0,3.0,0,0,5.0,5.0,5.0,3.0,0,0,5.0,5.0,5.0,3.0,0,0,5.0,5.0,5.0,3.0,0,0,5.0,5.0,5.0,3.0,0,0,5.0,5.0,5.0,3.0,0,0,5.0,5.0,5.0,3.0,0,0,5.0,5.0,5.0,3.0,0,0,5.0,5.0,3.0,0,1,5.0,5.0,5.0,5,33.0,PFDD,1.0,5.0,5.0,5.0,5.0,1.0,5.0,5.0,5.0,5.0,5,5.0,0.0,0.0,0.0,5.0,5.0,3,0.0,0.0,0.0,0.0,5.0,5.0,3,0.0,0.0,0.0,0.0,5.0,5.0,3,0.0,0.0,0.0,0.0,5.0,5.0,3,0.0,0.0,0.0,0.0,5.0,5.0,3,0.0,0.0,0.0,0.0,5.0,5.0,3,0.0,0.0,0.0,0.0,5.0,5.0,3,0.0,0.0,0.0,0.0,5.0,5.0,3,0.0,0.0,0.0,0.0,5.0,5.0,3,0.0,0.0,0.0,0.0,5.0,5.0,3,0.0,0.0,0.0,0.0,5.0,5.0,3,0.0,0.0,0.0,0.0,5.0,5.0,3,0.0,0.0,0.0,0.0,5.0,5.0,3,0.0,0.0,0.0,0.0,5.0,5.0,3,0.0,0.0,0.0,0.0,5.0,5.0,3,0.0,0.0,0.0,0.0,5.0,5.0,3,0.0,0
30,0,3.0,0.0,3,0,0,5.0,5.0,3.0,0,0,5.0,5.0,3.0,0,0,5.0,5.0,3.0,0,0,5.0,5.0,5.0,3.0,0,0,5.0,5.0,5.0,3.0,0,0,5.0,5.0,5.0,3.0,0,0,5.0,5.0,5.0,3.0,0,0,5.0,5.0,5.0,3.0,0,0,5.0,5.0,5.0,3.0,0,0,5,5,5,3,0,0,5.0,5.0,5.0,3.0,0,0,5.0,5.0,5.0,3.0,0,0,5,5,5,3,0,0,5.0,5.0,5.0,3.0,0,0,5.0,5.0,5.0,3.0,0,0,5.0,5.0,5.0,3.0,0,0,5,5,5,3,0,0,5.0,5.0,5.0,3.0,0,0,5.0,5.0,5.0,3.0,0,0,5,5,5,3,0,0,5.0,5.0,5.0,3.0,0,0,5.0,5.0,5.0,3.0,0,0,5.0,5.0,5.0,3.0,0,0,5.0,5.0,5.0,3.0,0,0,5.0,5.0,5.0,3.0,0,0,5.0,5.0,5.0,3.0,0,0,5.0,5.0,5.0,3.0,0,0,5.0,5.0,5.0,3.0,0,0,5.0,5.0,5.0,3.0,0,0,5.0,5.0,3.0,0,1,5.0,5.0,5.0,5,6.0,PFDD,1.0,5.0,5.0,5.0,5.0,0.0,0.0,0.0,5.0,5.0,3,0.0,1.0,5.0,5.0,5.0,5.0,5,5.0,0.0,0.0,0.0,5.0,5.0,3,0.0,0.0,0.0,0.0,5.0,5.0,3,0.0,0.0,0.0,0.0,5.0,5.0,3,0.0,0.0,0.0,0.0,5.0,5.0,3,0.0,0.0,0.0,0.0,5.0,5.0,3,0.0,0.0,0.0,0.0,5.0,5.0,3,0.0,0.0,0.0,0.0,5.0,5.0,3,0.0,0.0,0.0,0.0,5.0,5.0,3,0.0,0.0,0.0,0.0,5.0,5.0,3,0.0,0.0,0.0,0.0,5.0,5.0,3,0.0,0.0,0.0,0.0,5.0,5.0,3,0.0,0.0,0.0,0.0,5.0,5.0,3,0.0,1.0,5.0,5.0,5.0,5.0,5,5.0,0.0,0.0,0.0,5.0,5.0,3,0.0,0.0,0.0,0.0,5.0,5.0,3,0.0,0
31,0,5.0,5.0,3,0,0,5.0,5.0,3.0,0,0,5.0,5.0,3.0,0,0,3.0,0.0,3.0,0,0,3.0,0.0,0.0,3.0,0,0,0.0,3.0,0.0,3.0,0,0,1.0,2.0,0.0,3.0,0,0,5.0,5.0,0.0,3.0,0,0,5.0,5.0,0.0,3.0,0,0,5.0,5.0,0.0,3.0,0,0,1,2,0,3,0,0,3.0,0.0,0.0,3.0,0,0,3.0,0.0,0.0,3.0,0,0,1,2,0,3,0,0,3.0,0.0,0.0,3.0,0,0,3.0,0.0,0.0,3.0,0,0,3.0,0.0,0.0,3.0,0,0,1,2,0,3,0,0,3.0,0.0,0.0,3.0,0,0,3.0,0.0,0.0,3.0,0,0,1,2,0,3,0,0,3.0,0.0,0.0,3.0,0,0,3.0,0.0,0.0,3.0,0,0,2.0,1.0,5.0,3.0,0,0,2.0,1.0,5.0,3.0,0,0,2.0,1.0,5.0,3.0,0,0,2.0,1.0,5.0,3.0,0,0,3.0,0.0,0.0,3.0,0,0,3.0,0.0,0.0,3.0,0,0,1.0,2.0,0.0,3.0,0,0,5.0,5.0,3.0,0,0,3.0,0.0,3.0,0,13.0,PFD,0.0,0.0,0.0,3.0,0.0,0.0,0.0,0.0,3.0,0.0,3,0.0,0.0,0.0,0.0,3.0,0.0,3,0.0,0.0,0.0,0.0,3.0,0.0,3,0.0,0.0,0.0,0.0,3.0,0.0,3,0.0,0.0,0.0,0.0,3.0,0.0,3,0.0,0.0,0.0,0.0,3.0,0.0,3,0.0,0.0,0.0,0.0,3.0,0.0,3,0.0,0.0,0.0,0.0,3.0,0.0,3,0.0,0.0,0.0,0.0,3.0,0.0,3,0.0,0.0,0.0,0.0,3.0,0.0,3,0.0,0.0,0.0,0.0,3.0,0.0,3,0.0,0.0,0.0,0.0,3.0,0.0,3,0.0,0.0,0.0,0.0,3.0,0.0,3,0.0,0.0,0.0,0.0,3.0,0.0,3,0.0,0.0,0.0,0.0,5.0,5.0,3,0.0,0.0,0.0,0.0,3.0,0.0,3,0.0,0.0,0.0,0.0,3.0,0.0,3,0.0,1
32,0,5.0,5.0,3,0,0,3.0,0.0,3.0,0,0,3.0,0.0,3.0,0,0,3.0,0.0,3.0,0,0,3.0,0.0,0.0,3.0,0,0,0.0,5.0,5.0,3.0,0,0,3.0,0.0,0.0,3.0,0,0,3.0,0.0,0.0,3.0,0,0,3.0,0.0,0.0,3.0,0,0,3.0,0.0,0.0,3.0,0,0,1,2,0,3,0,0,3.0,0.0,0.0,3.0,0,0,3.0,0.0,0.0,3.0,0,0,1,2,0,3,0,0,3.0,0.0,0.0,3.0,0,0,3.0,0.0,0.0,3.0,0,0,3.0,0.0,0.0,3.0,0,0,1,2,0,3,0,0,3.0,0.0,0.0,3.0,0,0,3.0,0.0,0.0,3.0,0,0,1,2,0,3,0,0,3.0,0.0,0.0,3.0,0,0,3.0,0.0,0.0,3.0,0,0,2.0,1.0,5.0,3.0,0,0,2.0,1.0,5.0,3.0,0,0,2.0,1.0,5.0,3.0,0,0,2.0,1.0,5.0,3.0,0,0,3.0,0.0,0.0,3.0,0,0,3.0,0.0,0.0,3.0,0,0,1.0,2.0,0.0,3.0,0,0,5.0,5.0,3.0,0,0,3.0,0.0,3.0,0,33.0,PFDD,1.0,2.0,0.0,2.0,1.0,0.0,0.0,0.0,3.0,0.0,3,0.0,0.0,0.0,0.0,3.0,0.0,3,0.0,0.0,0.0,0.0,3.0,0.0,3,0.0,0.0,0.0,0.0,3.0,0.0,3,0.0,0.0,0.0,0.0,3.0,0.0,3,0.0,0.0,0.0,0.0,3.0,0.0,3,0.0,0.0,0.0,0.0,3.0,0.0,3,0.0,0.0,0.0,0.0,3.0,0.0,3,0.0,0.0,0.0,0.0,3.0,0.0,3,0.0,0.0,0.0,0.0,3.0,0.0,3,0.0,1.0,5.0,5.0,5.0,5.0,5,5.0,0.0,0.0,0.0,3.0,0.0,3,0.0,0.0,0.0,0.0,3.0,0.0,3,0.0,0.0,0.0,0.0,3.0,0.0,3,0.0,0.0,0.0,0.0,3.0,0.0,3,0.0,0.0,0.0,0.0,3.0,0.0,3,0.0,0.0,0.0,0.0,3.0,0.0,3,0.0,0
33,0,3.0,0.0,3,0,0,3.0,0.0,3.0,0,0,3.0,0.0,3.0,0,0,3.0,0.0,3.0,0,0,3.0,0.0,0.0,3.0,0,1,0.0,1.0,2.0,1.0,2,0,3.0,0.0,0.0,3.0,0,0,3.0,0.0,0.0,3.0,0,0,3.0,0.0,0.0,3.0,0,0,3.0,0.0,0.0,3.0,0,1,1,2,0,1,2,0,3.0,0.0,0.0,3.0,0,1,1.0,2.0,0.0,1.0,2,0,1,2,0,3,0,0,3.0,0.0,0.0,3.0,0,0,3.0,0.0,0.0,3.0,0,0,3.0,0.0,0.0,3.0,0,1,1,2,0,1,2,0,3.0,0.0,0.0,3.0,0,1,1.0,2.0,0.0,1.0,2,0,1,2,0,3,0,0,3.0,0.0,0.0,3.0,0,0,3.0,0.0,0.0,3.0,0,0,2.0,1.0,5.0,3.0,0,0,2.0,1.0,5.0,3.0,0,0,2.0,1.0,5.0,3.0,0,0,2.0,1.0,5.0,3.0,0,0,3.0,0.0,0.0,3.0,0,0,3.0,0.0,0.0,3.0,0,0,1.0,2.0,0.0,3.0,0,0,3.0,0.0,3.0,0,0,3.0,0.0,3.0,0,17.0,PFD,1.0,3.0,0.0,3.0,0.0,0.0,0.0,0.0,3.0,0.0,3,0.0,1.0,2.0,1.0,2.0,1.0,2,1.0,1.0,2.0,1.0,2.0,1.0,2,1.0,0.0,0.0,0.0,3.0,0.0,3,0.0,0.0,0.0,0.0,3.0,0.0,3,0.0,0.0,0.0,0.0,3.0,0.0,3,0.0,0.0,0.0,0.0,3.0,0.0,3,0.0,0.0,0.0,0.0,3.0,0.0,3,0.0,1.0,2.0,1.0,2.0,1.0,2,1.0,1.0,1.0,2.0,1.0,2.0,1,2.0,0.0,0.0,0.0,3.0,0.0,3,0.0,0.0,0.0,0.0,3.0,0.0,3,0.0,0.0,0.0,0.0,3.0,0.0,3,0.0,0.0,0.0,0.0,3.0,0.0,3,0.0,0.0,0.0,0.0,3.0,0.0,3,0.0,0.0,0.0,0.0,3.0,0.0,3,0.0,0.0,0.0,0.0,3.0,0.0,3,0.0,0
34,0,5.0,5.0,3,0,0,3.0,0.0,3.0,0,0,3.0,0.0,3.0,0,0,3.0,0.0,3.0,0,0,3.0,0.0,0.0,3.0,0,0,0.0,5.0,5.0,3.0,0,0,1.0,2.0,0.0,3.0,0,0,5.0,5.0,0.0,3.0,0,0,3.0,0.0,0.0,3.0,0,0,5.0,5.0,0.0,3.0,0,0,1,2,0,3,0,0,3.0,0.0,0.0,3.0,0,0,3.0,0.0,0.0,3.0,0,0,1,2,0,3,0,0,3.0,0.0,0.0,3.0,0,0,3.0,0.0,0.0,3.0,0,0,3.0,0.0,0.0,3.0,0,0,1,2,0,3,0,0,3.0,0.0,0.0,3.0,0,0,3.0,0.0,0.0,3.0,0,0,1,2,0,3,0,0,3.0,0.0,0.0,3.0,0,0,3.0,0.0,0.0,3.0,0,0,2.0,1.0,5.0,3.0,0,0,2.0,1.0,5.0,3.0,0,0,2.0,1.0,5.0,3.0,0,0,2.0,1.0,5.0,3.0,0,0,3.0,0.0,0.0,3.0,0,0,3.0,0.0,0.0,3.0,0,0,5.0,5.0,5.0,3.0,0,0,5.0,5.0,3.0,0,0,3.0,0.0,3.0,0,1.0,PFD,1.0,1.0,1.0,4.0,-1.0,0.0,0.0,0.0,3.0,0.0,3,0.0,0.0,0.0,0.0,3.0,0.0,3,0.0,0.0,0.0,0.0,3.0,0.0,3,0.0,0.0,0.0,0.0,3.0,0.0,3,0.0,0.0,0.0,0.0,3.0,0.0,3,0.0,0.0,0.0,0.0,3.0,0.0,3,0.0,0.0,0.0,0.0,3.0,0.0,3,0.0,0.0,0.0,0.0,3.0,0.0,3,0.0,0.0,0.0,0.0,3.0,0.0,3,0.0,0.0,0.0,0.0,3.0,0.0,3,0.0,0.0,0.0,0.0,3.0,0.0,3,0.0,0.0,0.0,0.0,3.0,0.0,3,0.0,0.0,0.0,0.0,3.0,0.0,3,0.0,0.0,0.0,0.0,3.0,0.0,3,0.0,0.0,0.0,0.0,3.0,0.0,3,0.0,0.0,0.0,0.0,3.0,0.0,3,0.0,0.0,0.0,0.0,3.0,0.0,3,0.0,0
35,0,3.0,0.0,3,0,0,3.0,0.0,3.0,0,0,3.0,0.0,3.0,0,0,3.0,0.0,3.0,0,0,3.0,0.0,0.0,3.0,0,0,0.0,3.0,0.0,3.0,0,0,3.0,0.0,0.0,3.0,0,0,3.0,0.0,0.0,3.0,0,0,3.0,0.0,0.0,3.0,0,0,3.0,0.0,0.0,3.0,0,0,1,2,0,3,0,0,3.0,0.0,0.0,3.0,0,0,3.0,0.0,0.0,3.0,0,0,1,2,0,3,0,0,3.0,0.0,0.0,3.0,0,0,3.0,0.0,0.0,3.0,0,0,3.0,0.0,0.0,3.0,0,0,1,2,0,3,0,0,3.0,0.0,0.0,3.0,0,0,3.0,0.0,0.0,3.0,0,0,1,2,0,3,0,0,3.0,0.0,0.0,3.0,0,0,3.0,0.0,0.0,3.0,0,0,3.0,0.0,0.0,3.0,0,0,3.0,0.0,0.0,3.0,0,0,3.0,0.0,0.0,3.0,0,0,3.0,0.0,0.0,3.0,0,0,3.0,0.0,0.0,3.0,0,0,3.0,0.0,0.0,3.0,0,0,1.0,2.0,0.0,3.0,0,0,5.0,5.0,3.0,0,0,3.0,0.0,3.0,0,34.0,PFDD,1.0,1.0,0.0,1.0,2.0,1.0,1.0,2.0,1.0,2.0,1,2.0,1.0,1.0,2.0,1.0,2.0,1,2.0,0.0,0.0,0.0,3.0,0.0,3,0.0,1.0,1.0,2.0,1.0,2.0,1,2.0,0.0,0.0,0.0,3.0,0.0,3,0.0,0.0,0.0,0.0,3.0,0.0,3,0.0,0.0,0.0,0.0,3.0,0.0,3,0.0,1.0,1.0,2.0,1.0,2.0,1,2.0,1.0,1.0,2.0,1.0,2.0,1,2.0,1.0,1.0,2.0,1.0,2.0,1,2.0,0.0,0.0,0.0,3.0,0.0,3,0.0,0.0,0.0,0.0,3.0,0.0,3,0.0,0.0,0.0,0.0,3.0,0.0,3,0.0,1.0,1.0,2.0,1.0,2.0,1,2.0,1.0,1.0,2.0,1.0,2.0,1,2.0,0.0,0.0,0.0,3.0,0.0,3,0.0,0.0,0.0,0.0,3.0,0.0,3,0.0,0
36,0,3.0,0.0,3,0,0,3.0,0.0,3.0,0,0,3.0,0.0,3.0,0,0,3.0,0.0,3.0,0,0,3.0,0.0,0.0,3.0,0,0,0.0,3.0,0.0,3.0,0,0,3.0,0.0,0.0,3.0,0,0,3.0,0.0,0.0,3.0,0,0,5.0,5.0,0.0,3.0,0,0,3.0,0.0,0.0,3.0,0,0,1,2,0,3,0,0,3.0,0.0,0.0,3.0,0,0,3.0,0.0,0.0,3.0,0,0,1,2,0,3,0,0,3.0,0.0,0.0,3.0,0,0,3.0,0.0,0.0,3.0,0,0,3.0,0.0,0.0,3.0,0,0,1,2,0,3,0,0,3.0,0.0,0.0,3.0,0,0,3.0,0.0,0.0,3.0,0,0,1,2,0,3,0,0,3.0,0.0,0.0,3.0,0,0,3.0,0.0,0.0,3.0,0,0,2.0,1.0,5.0,3.0,0,0,2.0,1.0,5.0,3.0,0,0,2.0,1.0,5.0,3.0,0,0,2.0,1.0,5.0,3.0,0,0,3.0,0.0,0.0,3.0,0,0,3.0,0.0,0.0,3.0,0,0,1.0,2.0,0.0,3.0,0,0,5.0,5.0,3.0,0,0,3.0,0.0,3.0,0,42.0,PFDD,1.0,4.0,0.0,4.0,-1.0,0.0,0.0,0.0,3.0,0.0,3,0.0,1.0,2.0,1.0,2.0,1.0,2,1.0,1.0,2.0,1.0,2.0,1.0,2,1.0,0.0,0.0,0.0,3.0,0.0,3,0.0,0.0,0.0,0.0,3.0,0.0,3,0.0,0.0,0.0,0.0,3.0,0.0,3,0.0,0.0,0.0,0.0,3.0,0.0,3,0.0,0.0,0.0,0.0,3.0,0.0,3,0.0,1.0,2.0,1.0,2.0,1.0,2,1.0,1.0,2.0,1.0,2.0,1.0,2,1.0,1.0,1.0,2.0,1.0,2.0,1,2.0,1.0,1.0,2.0,1.0,2.0,1,2.0,1.0,1.0,2.0,1.0,2.0,1,2.0,0.0,0.0,0.0,3.0,0.0,3,0.0,0.0,0.0,0.0,3.0,0.0,3,0.0,0.0,0.0,0.0,3.0,0.0,3,0.0,0.0,0.0,0.0,3.0,0.0,3,0.0,0
37,0,3.0,0.0,3,0,0,5.0,5.0,3.0,0,0,5.0,5.0,3.0,0,0,5.0,5.0,3.0,0,0,5.0,5.0,5.0,3.0,0,0,5.0,5.0,5.0,3.0,0,0,5.0,5.0,5.0,3.0,0,0,5.0,5.0,5.0,3.0,0,0,5.0,5.0,5.0,3.0,0,0,5.0,5.0,5.0,3.0,0,0,5,5,5,3,0,0,5.0,5.0,5.0,3.0,0,0,5.0,5.0,5.0,3.0,0,0,5,5,5,3,0,0,5.0,5.0,5.0,3.0,0,0,5.0,5.0,5.0,3.0,0,0,5.0,5.0,5.0,3.0,0,0,5,5,5,3,0,0,5.0,5.0,5.0,3.0,0,0,5.0,5.0,5.0,3.0,0,0,5,5,5,3,0,0,5.0,5.0,5.0,3.0,0,0,5.0,5.0,5.0,3.0,0,0,5.0,5.0,5.0,3.0,0,0,5.0,5.0,5.0,3.0,0,0,5.0,5.0,5.0,3.0,0,0,5.0,5.0,5.0,3.0,0,0,5.0,5.0,5.0,3.0,0,0,5.0,5.0,5.0,3.0,0,0,5.0,5.0,5.0,3.0,0,0,5.0,5.0,3.0,0,0,5.0,5.0,3.0,0,34.0,PFDD,0.0,0.0,5.0,3.0,0.0,0.0,0.0,0.0,5.0,5.0,3,0.0,0.0,0.0,0.0,5.0,5.0,3,0.0,0.0,0.0,0.0,5.0,5.0,3,0.0,0.0,0.0,0.0,5.0,5.0,3,0.0,0.0,0.0,0.0,5.0,5.0,3,0.0,0.0,0.0,0.0,5.0,5.0,3,0.0,0.0,0.0,0.0,5.0,5.0,3,0.0,0.0,0.0,0.0,5.0,5.0,3,0.0,0.0,0.0,0.0,5.0,5.0,3,0.0,0.0,0.0,0.0,5.0,5.0,3,0.0,0.0,0.0,0.0,5.0,5.0,3,0.0,0.0,0.0,0.0,5.0,5.0,3,0.0,0.0,0.0,0.0,5.0,5.0,3,0.0,0.0,0.0,0.0,5.0,5.0,3,0.0,0.0,0.0,0.0,5.0,5.0,3,0.0,0.0,0.0,0.0,5.0,5.0,3,0.0,0.0,0.0,0.0,5.0,5.0,3,0.0,1
38,0,3.0,0.0,3,0,0,3.0,0.0,3.0,0,1,1.0,2.0,1.0,2,1,1.0,2.0,1.0,2,0,3.0,0.0,0.0,3.0,0,0,0.0,5.0,5.0,3.0,0,0,1.0,2.0,0.0,3.0,0,0,3.0,0.0,0.0,3.0,0,0,3.0,0.0,0.0,3.0,0,0,3.0,0.0,0.0,3.0,0,0,1,2,0,3,0,0,3.0,0.0,0.0,3.0,0,0,3.0,0.0,0.0,3.0,0,0,1,2,0,3,0,0,3.0,0.0,0.0,3.0,0,0,3.0,0.0,0.0,3.0,0,0,2.0,1.0,5.0,3.0,0,0,5,5,5,3,0,0,2.0,1.0,5.0,3.0,0,0,2.0,1.0,5.0,3.0,0,0,5,5,5,3,0,0,2.0,1.0,5.0,3.0,0,0,2.0,1.0,5.0,3.0,0,0,2.0,1.0,5.0,3.0,0,0,2.0,1.0,5.0,3.0,0,0,2.0,1.0,5.0,3.0,0,0,2.0,1.0,5.0,3.0,0,0,2.0,1.0,5.0,3.0,0,0,2.0,1.0,5.0,3.0,0,0,1.0,2.0,0.0,3.0,0,0,3.0,0.0,3.0,0,1,1.0,2.0,1.0,2,14.0,PFD,1.0,4.0,0.0,4.0,-1.0,0.0,0.0,0.0,3.0,0.0,3,0.0,0.0,0.0,0.0,3.0,0.0,3,0.0,0.0,0.0,0.0,3.0,0.0,3,0.0,1.0,2.0,1.0,2.0,1.0,2,1.0,0.0,0.0,0.0,3.0,0.0,3,0.0,1.0,1.0,2.0,1.0,2.0,1,2.0,1.0,2.0,1.0,2.0,1.0,2,1.0,1.0,2.0,1.0,2.0,1.0,2,1.0,0.0,0.0,0.0,5.0,5.0,3,0.0,0.0,0.0,0.0,3.0,0.0,3,0.0,0.0,0.0,0.0,3.0,0.0,3,0.0,0.0,0.0,0.0,3.0,0.0,3,0.0,0.0,0.0,0.0,3.0,0.0,3,0.0,0.0,0.0,0.0,3.0,0.0,3,0.0,1.0,2.0,1.0,2.0,1.0,2,1.0,0.0,0.0,0.0,3.0,0.0,3,0.0,0.0,0.0,0.0,3.0,0.0,3,0.0,0
39,0,5.0,5.0,3,0,0,3.0,0.0,3.0,0,0,3.0,0.0,3.0,0,0,3.0,0.0,3.0,0,0,3.0,0.0,0.0,3.0,0,0,0.0,5.0,5.0,3.0,0,0,1.0,2.0,0.0,3.0,0,0,5.0,5.0,0.0,3.0,0,0,5.0,5.0,0.0,3.0,0,0,5.0,5.0,0.0,3.0,0,0,1,2,0,3,0,0,3.0,0.0,0.0,3.0,0,0,3.0,0.0,0.0,3.0,0,0,1,2,0,3,0,0,3.0,0.0,0.0,3.0,0,0,3.0,0.0,0.0,3.0,0,0,2.0,1.0,5.0,3.0,0,0,5,5,5,3,0,0,2.0,1.0,5.0,3.0,0,0,2.0,1.0,5.0,3.0,0,0,5,5,5,3,0,0,2.0,1.0,5.0,3.0,0,0,2.0,1.0,5.0,3.0,0,0,2.0,1.0,5.0,3.0,0,0,2.0,1.0,5.0,3.0,0,0,2.0,1.0,5.0,3.0,0,0,2.0,1.0,5.0,3.0,0,0,2.0,1.0,5.0,3.0,0,0,2.0,1.0,5.0,3.0,0,0,5.0,5.0,0.0,3.0,0,0,5.0,5.0,3.0,0,0,3.0,0.0,3.0,0,35.0,PFDD,1.0,1.0,1.0,4.0,-1.0,0.0,0.0,0.0,3.0,0.0,3,0.0,1.0,1.0,2.0,1.0,2.0,1,2.0,0.0,0.0,0.0,3.0,0.0,3,0.0,0.0,0.0,0.0,3.0,0.0,3,0.0,0.0,0.0,0.0,3.0,0.0,3,0.0,0.0,0.0,0.0,3.0,0.0,3,0.0,0.0,0.0,0.0,3.0,0.0,3,0.0,0.0,0.0,0.0,3.0,0.0,3,0.0,0.0,0.0,0.0,3.0,0.0,3,0.0,0.0,0.0,0.0,3.0,0.0,3,0.0,0.0,0.0,0.0,3.0,0.0,3,0.0,0.0,0.0,0.0,3.0,0.0,3,0.0,0.0,0.0,0.0,3.0,0.0,3,0.0,0.0,0.0,0.0,3.0,0.0,3,0.0,0.0,0.0,0.0,3.0,0.0,3,0.0,0.0,0.0,0.0,3.0,0.0,3,0.0,0.0,0.0,0.0,3.0,0.0,3,0.0,0
40,0,5.0,5.0,3,0,0,3.0,0.0,3.0,0,0,3.0,0.0,3.0,0,0,3.0,0.0,3.0,0,0,3.0,0.0,0.0,3.0,0,0,0.0,5.0,5.0,3.0,0,0,1.0,2.0,0.0,3.0,0,0,5.0,5.0,0.0,3.0,0,0,3.0,0.0,0.0,3.0,0,0,5.0,5.0,0.0,3.0,0,0,1,2,0,3,0,0,3.0,0.0,0.0,3.0,0,0,3.0,0.0,0.0,3.0,0,0,1,2,0,3,0,0,3.0,0.0,0.0,3.0,0,0,3.0,0.0,0.0,3.0,0,0,3.0,0.0,0.0,3.0,0,0,1,2,0,3,0,0,3.0,0.0,0.0,3.0,0,0,3.0,0.0,0.0,3.0,0,0,1,2,0,3,0,0,3.0,0.0,0.0,3.0,0,0,3.0,0.0,0.0,3.0,0,0,2.0,1.0,5.0,3.0,0,0,2.0,1.0,5.0,3.0,0,0,2.0,1.0,5.0,3.0,0,0,2.0,1.0,5.0,3.0,0,0,3.0,0.0,0.0,3.0,0,0,3.0,0.0,0.0,3.0,0,0,1.0,2.0,0.0,3.0,0,0,3.0,0.0,3.0,0,0,3.0,0.0,3.0,0,1.0,PFD,1.0,1.0,0.0,1.0,2.0,0.0,0.0,0.0,3.0,0.0,3,0.0,0.0,0.0,0.0,3.0,0.0,3,0.0,0.0,0.0,0.0,3.0,0.0,3,0.0,0.0,0.0,0.0,3.0,0.0,3,0.0,0.0,0.0,0.0,3.0,0.0,3,0.0,0.0,0.0,0.0,3.0,0.0,3,0.0,0.0,0.0,0.0,3.0,0.0,3,0.0,0.0,0.0,0.0,3.0,0.0,3,0.0,0.0,0.0,0.0,3.0,0.0,3,0.0,0.0,0.0,0.0,3.0,0.0,3,0.0,0.0,0.0,0.0,3.0,0.0,3,0.0,0.0,0.0,0.0,3.0,0.0,3,0.0,0.0,0.0,0.0,3.0,0.0,3,0.0,0.0,0.0,0.0,3.0,0.0,3,0.0,0.0,0.0,0.0,3.0,0.0,3,0.0,0.0,0.0,0.0,3.0,0.0,3,0.0,0.0,0.0,0.0,3.0,0.0,3,0.0,0
41,0,5.0,5.0,3,0,0,3.0,0.0,3.0,0,0,3.0,0.0,3.0,0,0,3.0,0.0,3.0,0,0,3.0,0.0,0.0,3.0,0,0,0.0,5.0,5.0,3.0,0,0,3.0,0.0,0.0,3.0,0,0,3.0,0.0,0.0,3.0,0,0,3.0,0.0,0.0,3.0,0,0,3.0,0.0,0.0,3.0,0,0,1,2,0,3,0,0,3.0,0.0,0.0,3.0,0,0,3.0,0.0,0.0,3.0,0,0,1,2,0,3,0,0,3.0,0.0,0.0,3.0,0,0,3.0,0.0,0.0,3.0,0,0,3.0,0.0,0.0,3.0,0,0,1,2,0,3,0,0,3.0,0.0,0.0,3.0,0,0,3.0,0.0,0.0,3.0,0,0,1,2,0,3,0,0,3.0,0.0,0.0,3.0,0,0,3.0,0.0,0.0,3.0,0,0,2.0,1.0,5.0,3.0,0,0,2.0,1.0,5.0,3.0,0,0,2.0,1.0,5.0,3.0,0,0,2.0,1.0,5.0,3.0,0,0,3.0,0.0,0.0,3.0,0,0,3.0,0.0,0.0,3.0,0,0,1.0,2.0,0.0,3.0,0,0,5.0,5.0,3.0,0,0,3.0,0.0,3.0,0,33.0,PFDD,1.0,2.0,0.0,2.0,1.0,0.0,0.0,0.0,3.0,0.0,3,0.0,0.0,0.0,0.0,3.0,0.0,3,0.0,0.0,0.0,0.0,3.0,0.0,3,0.0,0.0,0.0,0.0,3.0,0.0,3,0.0,0.0,0.0,0.0,3.0,0.0,3,0.0,0.0,0.0,0.0,3.0,0.0,3,0.0,0.0,0.0,0.0,3.0,0.0,3,0.0,0.0,0.0,0.0,3.0,0.0,3,0.0,0.0,0.0,0.0,1.0,2.0,3,0.0,1.0,1.0,2.0,1.0,2.0,1,2.0,0.0,0.0,0.0,3.0,0.0,3,0.0,0.0,0.0,0.0,3.0,0.0,3,0.0,1.0,1.0,2.0,1.0,2.0,1,2.0,0.0,0.0,0.0,3.0,0.0,3,0.0,0.0,0.0,0.0,1.0,2.0,3,0.0,0.0,0.0,0.0,3.0,0.0,3,0.0,0.0,0.0,0.0,3.0,0.0,3,0.0,0
42,0,3.0,0.0,3,0,0,5.0,5.0,3.0,0,0,5.0,5.0,3.0,0,0,5.0,5.0,3.0,0,0,5.0,5.0,5.0,3.0,0,0,5.0,5.0,5.0,3.0,0,0,5.0,5.0,5.0,3.0,0,0,5.0,5.0,5.0,3.0,0,0,5.0,5.0,5.0,3.0,0,0,5.0,5.0,5.0,3.0,0,0,5,5,5,3,0,0,5.0,5.0,5.0,3.0,0,0,5.0,5.0,5.0,3.0,0,0,5,5,5,3,0,0,5.0,5.0,5.0,3.0,0,0,5.0,5.0,5.0,3.0,0,0,5.0,5.0,5.0,3.0,0,0,5,5,5,3,0,0,5.0,5.0,5.0,3.0,0,0,5.0,5.0,5.0,3.0,0,0,5,5,5,3,0,0,5.0,5.0,5.0,3.0,0,0,5.0,5.0,5.0,3.0,0,0,5.0,5.0,5.0,3.0,0,0,5.0,5.0,5.0,3.0,0,0,5.0,5.0,5.0,3.0,0,0,5.0,5.0,5.0,3.0,0,0,5.0,5.0,5.0,3.0,0,0,5.0,5.0,5.0,3.0,0,0,5.0,5.0,5.0,3.0,0,0,5.0,5.0,3.0,0,0,5.0,5.0,3.0,0,41.0,PFD,1.0,5.0,5.0,5.0,5.0,0.0,0.0,0.0,5.0,5.0,3,0.0,0.0,0.0,0.0,5.0,5.0,3,0.0,0.0,0.0,0.0,5.0,5.0,3,0.0,0.0,0.0,0.0,5.0,5.0,3,0.0,0.0,0.0,0.0,5.0,5.0,3,0.0,0.0,0.0,0.0,5.0,5.0,3,0.0,0.0,0.0,0.0,5.0,5.0,3,0.0,0.0,0.0,0.0,5.0,5.0,3,0.0,1.0,5.0,5.0,5.0,5.0,5,5.0,1.0,5.0,5.0,5.0,5.0,5,5.0,0.0,0.0,0.0,5.0,5.0,3,0.0,0.0,0.0,0.0,5.0,5.0,3,0.0,0.0,0.0,0.0,5.0,5.0,3,0.0,0.0,0.0,0.0,5.0,5.0,3,0.0,0.0,0.0,0.0,5.0,5.0,3,0.0,0.0,0.0,0.0,5.0,5.0,3,0.0,0.0,0.0,0.0,5.0,5.0,3,0.0,0
43,0,5.0,5.0,3,0,0,5.0,5.0,3.0,0,0,5.0,5.0,3.0,0,0,5.0,5.0,3.0,0,0,5.0,5.0,0.0,3.0,0,0,0.0,5.0,5.0,3.0,0,0,1.0,2.0,0.0,3.0,0,0,5.0,5.0,0.0,3.0,0,0,5.0,5.0,0.0,3.0,0,0,5.0,5.0,0.0,3.0,0,0,1,2,0,3,0,0,3.0,0.0,0.0,3.0,0,0,3.0,0.0,0.0,3.0,0,0,1,2,0,3,0,0,3.0,0.0,0.0,3.0,0,0,3.0,0.0,0.0,3.0,0,0,2.0,1.0,5.0,3.0,0,0,5,5,5,3,0,0,2.0,1.0,5.0,3.0,0,0,2.0,1.0,5.0,3.0,0,0,5,5,5,3,0,0,2.0,1.0,5.0,3.0,0,0,2.0,1.0,5.0,3.0,0,0,2.0,1.0,5.0,3.0,0,0,2.0,1.0,5.0,3.0,0,0,2.0,1.0,5.0,3.0,0,0,2.0,1.0,5.0,3.0,0,0,2.0,1.0,5.0,3.0,0,0,2.0,1.0,5.0,3.0,0,0,5.0,5.0,0.0,3.0,0,0,5.0,5.0,3.0,0,0,3.0,0.0,3.0,0,41.0,PFD,1.0,1.0,0.0,1.0,2.0,0.0,0.0,0.0,3.0,0.0,3,0.0,0.0,0.0,0.0,1.0,2.0,3,0.0,0.0,0.0,0.0,3.0,0.0,3,0.0,0.0,0.0,0.0,3.0,0.0,3,0.0,0.0,0.0,0.0,3.0,0.0,3,0.0,0.0,0.0,0.0,3.0,0.0,3,0.0,0.0,4.0,-1.0,3.0,0.0,4,-1.0,0.0,0.0,0.0,3.0,0.0,3,0.0,1.0,1.0,2.0,1.0,2.0,1,2.0,0.0,0.0,0.0,3.0,0.0,3,0.0,0.0,0.0,0.0,3.0,0.0,3,0.0,0.0,0.0,0.0,3.0,0.0,3,0.0,0.0,0.0,0.0,3.0,0.0,3,0.0,0.0,0.0,0.0,3.0,0.0,3,0.0,1.0,1.0,2.0,1.0,2.0,1,2.0,0.0,0.0,0.0,3.0,0.0,3,0.0,0.0,0.0,0.0,3.0,0.0,3,0.0,0
44,0,3.0,0.0,3,0,1,3.0,0.0,3.0,0,0,4.0,-1.0,4.0,-1,0,3.0,0.0,3.0,0,0,3.0,0.0,0.0,3.0,0,0,0.0,3.0,0.0,3.0,0,0,3.0,0.0,0.0,3.0,0,0,3.0,0.0,0.0,3.0,0,0,3.0,0.0,0.0,3.0,0,0,3.0,0.0,0.0,3.0,0,0,5,5,5,3,0,0,2.0,1.0,5.0,3.0,0,0,2.0,1.0,5.0,3.0,0,0,5,5,5,3,0,0,2.0,1.0,5.0,3.0,0,0,2.0,1.0,5.0,3.0,0,0,2.0,1.0,5.0,3.0,0,0,5,5,5,3,0,0,2.0,1.0,5.0,3.0,0,0,2.0,1.0,5.0,3.0,0,0,5,5,5,3,0,0,2.0,1.0,5.0,3.0,0,0,2.0,1.0,5.0,3.0,0,0,2.0,1.0,5.0,3.0,0,0,2.0,1.0,5.0,3.0,0,0,2.0,1.0,5.0,3.0,0,0,2.0,1.0,5.0,3.0,0,0,2.0,1.0,5.0,3.0,0,0,2.0,1.0,5.0,3.0,0,0,5.0,5.0,0.0,3.0,0,0,5.0,5.0,3.0,0,0,3.0,0.0,3.0,0,14.0,PFD,1.0,4.0,0.0,4.0,-1.0,0.0,0.0,0.0,3.0,0.0,3,0.0,0.0,0.0,0.0,3.0,0.0,3,0.0,0.0,0.0,0.0,3.0,0.0,3,0.0,0.0,0.0,0.0,3.0,0.0,3,0.0,0.0,0.0,0.0,3.0,0.0,3,0.0,0.0,0.0,0.0,3.0,0.0,3,0.0,1.0,5.0,5.0,5.0,5.0,5,5.0,0.0,0.0,0.0,3.0,0.0,3,0.0,0.0,0.0,0.0,3.0,0.0,3,0.0,0.0,0.0,0.0,3.0,0.0,3,0.0,0.0,0.0,0.0,3.0,0.0,3,0.0,0.0,0.0,0.0,3.0,0.0,3,0.0,0.0,0.0,0.0,3.0,0.0,3,0.0,0.0,0.0,0.0,3.0,0.0,3,0.0,0.0,0.0,0.0,6.0,6.0,4,-1.0,0.0,0.0,0.0,3.0,0.0,3,0.0,0.0,0.0,0.0,3.0,0.0,3,0.0,0
45,0,5.0,5.0,3,0,0,5.0,5.0,3.0,0,0,3.0,0.0,3.0,0,1,1.0,2.0,1.0,2,0,3.0,0.0,0.0,3.0,0,0,0.0,5.0,5.0,3.0,0,0,1.0,2.0,0.0,3.0,0,0,5.0,5.0,0.0,3.0,0,0,5.0,5.0,0.0,3.0,0,0,3.0,0.0,0.0,3.0,0,0,1,2,0,3,0,0,3.0,0.0,0.0,3.0,0,0,3.0,0.0,0.0,3.0,0,0,1,2,0,3,0,0,3.0,0.0,0.0,3.0,0,0,3.0,0.0,0.0,3.0,0,0,2.0,1.0,5.0,3.0,0,0,5,5,5,3,0,0,2.0,1.0,5.0,3.0,0,0,2.0,1.0,5.0,3.0,0,0,5,5,5,3,0,0,2.0,1.0,5.0,3.0,0,0,2.0,1.0,5.0,3.0,0,0,2.0,1.0,5.0,3.0,0,0,2.0,1.0,5.0,3.0,0,0,2.0,1.0,5.0,3.0,0,0,2.0,1.0,5.0,3.0,0,0,2.0,1.0,5.0,3.0,0,0,2.0,1.0,5.0,3.0,0,0,1.0,2.0,0.0,3.0,0,0,5.0,5.0,3.0,0,0,3.0,0.0,3.0,0,3.0,PFDD,1.0,1.0,0.0,1.0,2.0,1.0,5.0,5.0,5.0,5.0,5,5.0,1.0,5.0,5.0,5.0,5.0,5,5.0,0.0,0.0,0.0,3.0,0.0,3,0.0,0.0,0.0,0.0,3.0,0.0,3,0.0,0.0,0.0,0.0,3.0,0.0,3,0.0,0.0,0.0,0.0,3.0,0.0,3,0.0,0.0,0.0,0.0,3.0,0.0,3,0.0,0.0,0.0,0.0,3.0,0.0,3,0.0,0.0,0.0,0.0,3.0,0.0,3,0.0,0.0,0.0,0.0,3.0,0.0,3,0.0,0.0,0.0,0.0,3.0,0.0,3,0.0,0.0,0.0,0.0,3.0,0.0,3,0.0,0.0,0.0,0.0,3.0,0.0,3,0.0,0.0,0.0,0.0,3.0,0.0,3,0.0,0.0,0.0,0.0,3.0,0.0,3,0.0,0.0,0.0,0.0,3.0,0.0,3,0.0,0.0,0.0,0.0,3.0,0.0,3,0.0,0
46,0,5.0,5.0,3,0,0,3.0,0.0,3.0,0,0,3.0,0.0,3.0,0,0,3.0,0.0,3.0,0,0,3.0,0.0,0.0,3.0,0,0,0.0,3.0,0.0,3.0,0,0,3.0,0.0,0.0,3.0,0,0,3.0,0.0,0.0,3.0,0,0,3.0,0.0,0.0,3.0,0,0,3.0,0.0,0.0,3.0,0,0,1,2,0,3,0,0,3.0,0.0,0.0,3.0,0,0,3.0,0.0,0.0,3.0,0,0,1,2,0,3,0,0,3.0,0.0,0.0,3.0,0,0,3.0,0.0,0.0,3.0,0,0,3.0,0.0,0.0,3.0,0,0,1,2,0,3,0,0,3.0,0.0,0.0,3.0,0,0,3.0,0.0,0.0,3.0,0,0,1,2,0,3,0,0,3.0,0.0,0.0,3.0,0,0,3.0,0.0,0.0,3.0,0,0,2.0,1.0,5.0,3.0,0,0,2.0,1.0,5.0,3.0,0,0,2.0,1.0,5.0,3.0,0,0,2.0,1.0,5.0,3.0,0,0,3.0,0.0,0.0,3.0,0,0,3.0,0.0,0.0,3.0,0,0,1.0,2.0,0.0,3.0,0,0,5.0,5.0,3.0,0,0,3.0,0.0,3.0,0,33.0,PFDD,0.0,0.0,0.0,3.0,0.0,0.0,0.0,0.0,3.0,0.0,3,0.0,1.0,1.0,2.0,1.0,2.0,1,2.0,0.0,0.0,0.0,3.0,0.0,3,0.0,0.0,0.0,0.0,3.0,0.0,3,0.0,0.0,0.0,0.0,3.0,0.0,3,0.0,0.0,0.0,0.0,3.0,0.0,3,0.0,0.0,0.0,0.0,3.0,0.0,3,0.0,0.0,0.0,0.0,3.0,0.0,3,0.0,0.0,0.0,0.0,3.0,0.0,3,0.0,0.0,0.0,0.0,3.0,0.0,3,0.0,0.0,0.0,0.0,3.0,0.0,3,0.0,0.0,0.0,0.0,3.0,0.0,3,0.0,0.0,0.0,0.0,3.0,0.0,3,0.0,0.0,0.0,0.0,3.0,0.0,3,0.0,0.0,0.0,0.0,3.0,0.0,3,0.0,0.0,0.0,0.0,3.0,0.0,3,0.0,0.0,0.0,0.0,3.0,0.0,3,0.0,0
47,0,5.0,5.0,3,0,0,3.0,0.0,3.0,0,0,3.0,0.0,3.0,0,0,3.0,0.0,3.0,0,0,3.0,0.0,0.0,3.0,0,0,0.0,5.0,5.0,3.0,0,0,3.0,0.0,0.0,3.0,0,0,5.0,5.0,0.0,3.0,0,0,5.0,5.0,0.0,3.0,0,0,3.0,0.0,0.0,3.0,0,0,1,2,0,3,0,0,3.0,0.0,0.0,3.0,0,0,3.0,0.0,0.0,3.0,0,0,1,2,0,3,0,0,3.0,0.0,0.0,3.0,0,0,3.0,0.0,0.0,3.0,0,0,3.0,0.0,0.0,3.0,0,0,1,2,0,3,0,0,3.0,0.0,0.0,3.0,0,0,3.0,0.0,0.0,3.0,0,0,1,2,0,3,0,0,3.0,0.0,0.0,3.0,0,0,3.0,0.0,0.0,3.0,0,0,2.0,1.0,5.0,3.0,0,0,2.0,1.0,5.0,3.0,0,0,2.0,1.0,5.0,3.0,0,0,2.0,1.0,5.0,3.0,0,0,3.0,0.0,0.0,3.0,0,0,3.0,0.0,0.0,3.0,0,1,5.0,5.0,0.0,5.0,5,0,3.0,0.0,3.0,0,0,3.0,0.0,3.0,0,2.0,PFDD,0.0,0.0,0.0,3.0,0.0,0.0,0.0,0.0,3.0,0.0,3,0.0,0.0,0.0,0.0,3.0,0.0,3,0.0,0.0,0.0,0.0,3.0,0.0,3,0.0,0.0,0.0,0.0,3.0,0.0,3,0.0,0.0,0.0,0.0,3.0,0.0,3,0.0,0.0,0.0,0.0,3.0,0.0,3,0.0,0.0,0.0,0.0,3.0,0.0,3,0.0,0.0,0.0,0.0,3.0,0.0,3,0.0,0.0,0.0,0.0,3.0,0.0,3,0.0,1.0,5.0,5.0,5.0,5.0,5,5.0,0.0,0.0,0.0,3.0,0.0,3,0.0,0.0,0.0,0.0,3.0,0.0,3,0.0,0.0,0.0,0.0,3.0,0.0,3,0.0,0.0,0.0,0.0,3.0,0.0,3,0.0,0.0,0.0,0.0,3.0,0.0,3,0.0,0.0,0.0,0.0,3.0,0.0,3,0.0,0.0,0.0,0.0,3.0,0.0,3,0.0,0
48,0,5.0,5.0,3,0,0,5.0,5.0,3.0,0,0,3.0,0.0,3.0,0,0,3.0,0.0,3.0,0,0,3.0,0.0,0.0,3.0,0,0,0.0,5.0,5.0,3.0,0,0,3.0,0.0,0.0,3.0,0,0,3.0,0.0,0.0,3.0,0,0,3.0,0.0,0.0,3.0,0,0,3.0,0.0,0.0,3.0,0,0,1,2,0,3,0,0,3.0,0.0,0.0,3.0,0,0,3.0,0.0,0.0,3.0,0,0,1,2,0,3,0,0,3.0,0.0,0.0,3.0,0,0,3.0,0.0,0.0,3.0,0,0,3.0,0.0,0.0,3.0,0,0,1,2,0,3,0,0,3.0,0.0,0.0,3.0,0,0,3.0,0.0,0.0,3.0,0,0,1,2,0,3,0,0,3.0,0.0,0.0,3.0,0,0,3.0,0.0,0.0,3.0,0,0,2.0,1.0,5.0,3.0,0,0,2.0,1.0,5.0,3.0,0,0,2.0,1.0,5.0,3.0,0,0,2.0,1.0,5.0,3.0,0,0,3.0,0.0,0.0,3.0,0,0,3.0,0.0,0.0,3.0,0,0,1.0,2.0,0.0,3.0,0,0,5.0,5.0,3.0,0,1,5.0,5.0,5.0,5,40.0,PFD,0.0,0.0,0.0,3.0,0.0,0.0,0.0,0.0,3.0,0.0,3,0.0,0.0,0.0,0.0,3.0,0.0,3,0.0,0.0,0.0,0.0,3.0,0.0,3,0.0,0.0,0.0,0.0,3.0,0.0,3,0.0,0.0,0.0,0.0,3.0,0.0,3,0.0,0.0,0.0,0.0,3.0,0.0,3,0.0,0.0,0.0,0.0,3.0,0.0,3,0.0,0.0,0.0,0.0,3.0,0.0,3,0.0,0.0,0.0,0.0,3.0,0.0,3,0.0,0.0,0.0,0.0,3.0,0.0,3,0.0,0.0,0.0,0.0,3.0,0.0,3,0.0,0.0,0.0,0.0,3.0,0.0,3,0.0,0.0,0.0,0.0,3.0,0.0,3,0.0,0.0,0.0,0.0,3.0,0.0,3,0.0,0.0,0.0,0.0,3.0,0.0,3,0.0,0.0,0.0,0.0,3.0,0.0,3,0.0,0.0,0.0,0.0,3.0,0.0,3,0.0,0
49,0,5.0,5.0,3,0,0,3.0,0.0,3.0,0,0,3.0,0.0,3.0,0,0,3.0,0.0,3.0,0,0,3.0,0.0,0.0,3.0,0,0,0.0,3.0,0.0,3.0,0,0,3.0,0.0,0.0,3.0,0,0,5.0,5.0,0.0,3.0,0,0,3.0,0.0,0.0,3.0,0,0,5.0,5.0,0.0,3.0,0,0,1,2,0,3,0,0,3.0,0.0,0.0,3.0,0,0,3.0,0.0,0.0,3.0,0,0,1,2,0,3,0,0,3.0,0.0,0.0,3.0,0,0,3.0,0.0,0.0,3.0,0,0,3.0,0.0,0.0,3.0,0,0,1,2,0,3,0,0,3.0,0.0,0.0,3.0,0,0,3.0,0.0,0.0,3.0,0,0,1,2,0,3,0,0,3.0,0.0,0.0,3.0,0,0,3.0,0.0,0.0,3.0,0,0,2.0,1.0,5.0,3.0,0,0,2.0,1.0,5.0,3.0,0,0,2.0,1.0,5.0,3.0,0,0,2.0,1.0,5.0,3.0,0,0,3.0,0.0,0.0,3.0,0,0,3.0,0.0,0.0,3.0,0,0,1.0,2.0,0.0,3.0,0,0,3.0,0.0,3.0,0,0,3.0,0.0,3.0,0,47.0,PFDD,1.0,2.0,1.0,4.0,-1.0,0.0,0.0,0.0,3.0,0.0,3,0.0,0.0,0.0,0.0,3.0,0.0,3,0.0,0.0,0.0,0.0,3.0,0.0,3,0.0,0.0,0.0,0.0,3.0,0.0,3,0.0,0.0,0.0,0.0,3.0,0.0,3,0.0,0.0,0.0,0.0,3.0,0.0,3,0.0,0.0,0.0,0.0,3.0,0.0,3,0.0,0.0,0.0,0.0,3.0,0.0,3,0.0,0.0,0.0,0.0,3.0,0.0,3,0.0,0.0,0.0,0.0,3.0,0.0,3,0.0,0.0,0.0,0.0,3.0,0.0,3,0.0,0.0,0.0,0.0,3.0,0.0,3,0.0,0.0,0.0,0.0,3.0,0.0,3,0.0,0.0,0.0,0.0,3.0,0.0,3,0.0,0.0,0.0,0.0,3.0,0.0,3,0.0,0.0,0.0,0.0,3.0,0.0,3,0.0,0.0,0.0,0.0,3.0,0.0,3,0.0,0
50,0,5.0,5.0,3,0,0,3.0,0.0,3.0,0,0,3.0,0.0,3.0,0,0,3.0,0.0,3.0,0,0,3.0,0.0,0.0,3.0,0,0,0.0,5.0,5.0,3.0,0,0,3.0,0.0,0.0,3.0,0,0,3.0,0.0,0.0,3.0,0,0,3.0,0.0,0.0,3.0,0,0,3.0,0.0,0.0,3.0,0,0,1,2,0,3,0,0,3.0,0.0,0.0,3.0,0,0,3.0,0.0,0.0,3.0,0,0,1,2,0,3,0,0,3.0,0.0,0.0,3.0,0,0,3.0,0.0,0.0,3.0,0,0,3.0,0.0,0.0,3.0,0,1,1,2,0,1,2,0,3.0,0.0,0.0,3.0,0,1,1.0,2.0,0.0,1.0,2,0,1,2,0,3,0,0,3.0,0.0,0.0,3.0,0,0,3.0,0.0,0.0,3.0,0,0,2.0,1.0,5.0,3.0,0,0,2.0,1.0,5.0,3.0,0,0,2.0,1.0,5.0,3.0,0,0,2.0,1.0,5.0,3.0,0,0,3.0,0.0,0.0,3.0,0,0,3.0,0.0,0.0,3.0,0,0,1.0,2.0,0.0,3.0,0,0,5.0,5.0,3.0,0,0,3.0,0.0,3.0,0,33.0,PFDD,1.0,2.0,0.0,2.0,1.0,0.0,0.0,0.0,3.0,0.0,3,0.0,1.0,1.0,2.0,1.0,2.0,1,2.0,0.0,0.0,0.0,3.0,0.0,3,0.0,0.0,0.0,0.0,3.0,0.0,3,0.0,0.0,0.0,0.0,3.0,0.0,3,0.0,0.0,0.0,0.0,3.0,0.0,3,0.0,0.0,0.0,0.0,3.0,0.0,3,0.0,0.0,0.0,0.0,3.0,0.0,3,0.0,1.0,1.0,2.0,1.0,2.0,1,2.0,0.0,0.0,0.0,6.0,6.0,4,-1.0,0.0,0.0,0.0,3.0,0.0,3,0.0,0.0,0.0,0.0,3.0,0.0,3,0.0,0.0,0.0,0.0,3.0,0.0,3,0.0,0.0,0.0,0.0,3.0,0.0,3,0.0,0.0,0.0,0.0,3.0,0.0,3,0.0,0.0,0.0,0.0,3.0,0.0,3,0.0,0.0,0.0,0.0,3.0,0.0,3,0.0,0
51,0,3.0,0.0,3,0,0,3.0,0.0,3.0,0,0,3.0,0.0,3.0,0,0,3.0,0.0,3.0,0,0,3.0,0.0,0.0,3.0,0,0,0.0,3.0,0.0,3.0,0,0,3.0,0.0,0.0,3.0,0,0,3.0,0.0,0.0,3.0,0,0,3.0,0.0,0.0,3.0,0,0,3.0,0.0,0.0,3.0,0,0,5,5,5,3,0,0,2.0,1.0,5.0,3.0,0,0,2.0,1.0,5.0,3.0,0,0,5,5,5,3,0,0,2.0,1.0,5.0,3.0,0,0,2.0,1.0,5.0,3.0,0,0,3.0,0.0,0.0,3.0,0,0,1,2,0,3,0,0,3.0,0.0,0.0,3.0,0,0,3.0,0.0,0.0,3.0,0,0,1,2,0,3,0,0,3.0,0.0,0.0,3.0,0,0,3.0,0.0,0.0,3.0,0,0,2.0,1.0,5.0,3.0,0,0,2.0,1.0,5.0,3.0,0,0,2.0,1.0,5.0,3.0,0,0,2.0,1.0,5.0,3.0,0,0,3.0,0.0,0.0,3.0,0,0,3.0,0.0,0.0,3.0,0,0,1.0,2.0,0.0,3.0,0,0,4.0,-1.0,4.0,-1,0,5.0,5.0,3.0,0,1.0,PFD,0.0,0.0,0.0,3.0,0.0,0.0,0.0,0.0,3.0,0.0,3,0.0,0.0,0.0,0.0,3.0,0.0,3,0.0,0.0,0.0,0.0,3.0,0.0,3,0.0,0.0,0.0,0.0,3.0,0.0,3,0.0,0.0,0.0,0.0,3.0,0.0,3,0.0,0.0,0.0,0.0,3.0,0.0,3,0.0,0.0,0.0,0.0,3.0,0.0,3,0.0,0.0,0.0,0.0,3.0,0.0,3,0.0,0.0,0.0,0.0,3.0,0.0,3,0.0,0.0,0.0,0.0,3.0,0.0,3,0.0,0.0,0.0,0.0,3.0,0.0,3,0.0,0.0,0.0,0.0,3.0,0.0,3,0.0,0.0,0.0,0.0,3.0,0.0,3,0.0,0.0,0.0,0.0,3.0,0.0,3,0.0,0.0,0.0,0.0,3.0,0.0,3,0.0,0.0,0.0,0.0,3.0,0.0,3,0.0,0.0,0.0,0.0,3.0,0.0,3,0.0,1
52,0,5.0,5.0,3,0,0,3.0,0.0,3.0,0,0,3.0,0.0,3.0,0,0,3.0,0.0,3.0,0,0,3.0,0.0,0.0,3.0,0,0,0.0,3.0,0.0,3.0,0,0,3.0,0.0,0.0,3.0,0,0,3.0,0.0,0.0,3.0,0,0,3.0,0.0,0.0,3.0,0,0,3.0,0.0,0.0,3.0,0,0,5,5,5,3,0,0,2.0,1.0,5.0,3.0,0,0,2.0,1.0,5.0,3.0,0,0,5,5,5,3,0,0,2.0,1.0,5.0,3.0,0,0,2.0,1.0,5.0,3.0,0,0,3.0,0.0,0.0,3.0,0,0,1,2,0,3,0,0,3.0,0.0,0.0,3.0,0,0,3.0,0.0,0.0,3.0,0,0,1,2,0,3,0,0,3.0,0.0,0.0,3.0,0,0,3.0,0.0,0.0,3.0,0,0,2.0,1.0,5.0,3.0,0,0,2.0,1.0,5.0,3.0,0,0,2.0,1.0,5.0,3.0,0,0,2.0,1.0,5.0,3.0,0,0,3.0,0.0,0.0,3.0,0,0,3.0,0.0,0.0,3.0,0,0,1.0,2.0,5.0,3.0,0,0,5.0,5.0,3.0,0,0,3.0,0.0,3.0,0,1.0,PFD,0.0,0.0,0.0,3.0,0.0,0.0,0.0,0.0,3.0,0.0,3,0.0,0.0,0.0,0.0,3.0,0.0,3,0.0,0.0,0.0,0.0,3.0,0.0,3,0.0,0.0,0.0,0.0,3.0,0.0,3,0.0,0.0,0.0,0.0,3.0,0.0,3,0.0,0.0,0.0,0.0,3.0,0.0,3,0.0,0.0,0.0,0.0,3.0,0.0,3,0.0,0.0,0.0,0.0,3.0,0.0,3,0.0,0.0,0.0,0.0,3.0,0.0,3,0.0,0.0,0.0,0.0,3.0,0.0,3,0.0,0.0,0.0,0.0,3.0,0.0,3,0.0,0.0,0.0,0.0,3.0,0.0,3,0.0,0.0,0.0,0.0,3.0,0.0,3,0.0,0.0,0.0,0.0,3.0,0.0,3,0.0,0.0,0.0,0.0,3.0,0.0,3,0.0,0.0,0.0,0.0,3.0,0.0,3,0.0,0.0,0.0,0.0,3.0,0.0,3,0.0,1
53,0,3.0,0.0,3,0,0,5.0,5.0,3.0,0,0,5.0,5.0,3.0,0,0,5.0,5.0,3.0,0,0,5.0,5.0,5.0,3.0,0,0,5.0,5.0,5.0,3.0,0,0,5.0,5.0,5.0,3.0,0,0,5.0,5.0,5.0,3.0,0,0,5.0,5.0,5.0,3.0,0,0,5.0,5.0,5.0,3.0,0,0,5,5,5,3,0,0,5.0,5.0,5.0,3.0,0,0,5.0,5.0,5.0,3.0,0,0,5,5,5,3,0,0,5.0,5.0,5.0,3.0,0,0,5.0,5.0,5.0,3.0,0,0,5.0,5.0,5.0,3.0,0,0,5,5,5,3,0,0,5.0,5.0,5.0,3.0,0,0,5.0,5.0,5.0,3.0,0,0,5,5,5,3,0,0,5.0,5.0,5.0,3.0,0,0,5.0,5.0,5.0,3.0,0,0,5.0,5.0,5.0,3.0,0,0,5.0,5.0,5.0,3.0,0,0,5.0,5.0,5.0,3.0,0,0,5.0,5.0,5.0,3.0,0,0,5.0,5.0,5.0,3.0,0,0,5.0,5.0,5.0,3.0,0,0,5.0,5.0,5.0,3.0,0,0,5.0,5.0,3.0,0,0,5.0,5.0,3.0,0,8.0,PFD,0.0,0.0,5.0,3.0,0.0,0.0,0.0,0.0,5.0,5.0,3,0.0,0.0,0.0,0.0,5.0,5.0,3,0.0,0.0,0.0,0.0,5.0,5.0,3,0.0,0.0,0.0,0.0,5.0,5.0,3,0.0,0.0,0.0,0.0,5.0,5.0,3,0.0,0.0,0.0,0.0,5.0,5.0,3,0.0,0.0,0.0,0.0,5.0,5.0,3,0.0,0.0,0.0,0.0,5.0,5.0,3,0.0,0.0,0.0,0.0,5.0,5.0,3,0.0,0.0,0.0,0.0,5.0,5.0,3,0.0,0.0,0.0,0.0,5.0,5.0,3,0.0,0.0,0.0,0.0,5.0,5.0,3,0.0,0.0,0.0,0.0,5.0,5.0,3,0.0,0.0,0.0,0.0,5.0,5.0,3,0.0,0.0,0.0,0.0,5.0,5.0,3,0.0,0.0,0.0,0.0,5.0,5.0,3,0.0,0.0,0.0,0.0,5.0,5.0,3,0.0,1
54,0,5.0,5.0,3,0,0,3.0,0.0,3.0,0,0,3.0,0.0,3.0,0,0,3.0,0.0,3.0,0,0,3.0,0.0,0.0,3.0,0,0,0.0,5.0,5.0,3.0,0,0,1.0,2.0,0.0,3.0,0,0,3.0,0.0,0.0,3.0,0,0,3.0,0.0,0.0,3.0,0,0,3.0,0.0,0.0,3.0,0,0,5,5,0,3,0,0,2.0,1.0,0.0,3.0,0,0,2.0,1.0,0.0,3.0,0,0,5,5,1,4,-1,0,5.0,5.0,1.0,4.0,-1,0,2.0,1.0,0.0,3.0,0,0,3.0,0.0,0.0,3.0,0,0,1,2,0,3,0,0,3.0,0.0,0.0,3.0,0,0,3.0,0.0,0.0,3.0,0,0,1,2,0,3,0,0,3.0,0.0,0.0,3.0,0,0,3.0,0.0,0.0,3.0,0,0,2.0,1.0,5.0,3.0,0,0,2.0,1.0,5.0,3.0,0,0,2.0,1.0,5.0,3.0,0,0,2.0,1.0,5.0,3.0,0,0,3.0,0.0,0.0,3.0,0,0,3.0,0.0,0.0,3.0,0,0,1.0,2.0,0.0,3.0,0,0,5.0,5.0,3.0,0,0,3.0,0.0,3.0,0,26.0,PFD,1.0,1.0,0.0,1.0,2.0,0.0,0.0,0.0,3.0,0.0,3,0.0,0.0,0.0,0.0,3.0,0.0,3,0.0,0.0,0.0,0.0,3.0,0.0,3,0.0,1.0,3.0,0.0,3.0,0.0,3,0.0,0.0,0.0,0.0,3.0,0.0,3,0.0,0.0,0.0,0.0,3.0,0.0,3,0.0,0.0,0.0,0.0,3.0,0.0,3,0.0,0.0,0.0,0.0,3.0,0.0,3,0.0,0.0,0.0,0.0,3.0,0.0,3,0.0,0.0,0.0,0.0,3.0,0.0,3,0.0,0.0,0.0,0.0,3.0,0.0,3,0.0,0.0,0.0,0.0,3.0,0.0,3,0.0,0.0,0.0,0.0,5.0,5.0,3,0.0,0.0,0.0,0.0,3.0,0.0,3,0.0,1.0,5.0,5.0,5.0,5.0,5,5.0,0.0,0.0,0.0,3.0,0.0,3,0.0,0.0,0.0,0.0,3.0,0.0,3,0.0,0
55,0,5.0,5.0,3,0,0,5.0,5.0,3.0,0,0,5.0,5.0,3.0,0,0,5.0,5.0,3.0,0,0,5.0,5.0,0.0,3.0,0,0,0.0,5.0,5.0,3.0,0,0,1.0,2.0,0.0,3.0,0,0,5.0,5.0,0.0,3.0,0,0,5.0,5.0,0.0,3.0,0,0,5.0,5.0,0.0,3.0,0,0,5,5,5,3,0,0,2.0,1.0,5.0,3.0,0,0,2.0,1.0,5.0,3.0,0,0,5,5,5,3,0,0,2.0,1.0,5.0,3.0,0,0,2.0,1.0,5.0,3.0,0,0,2.0,1.0,5.0,3.0,0,0,5,5,5,3,0,0,2.0,1.0,5.0,3.0,0,0,2.0,1.0,5.0,3.0,0,0,5,5,5,3,0,0,2.0,1.0,5.0,3.0,0,0,2.0,1.0,5.0,3.0,0,0,2.0,1.0,5.0,3.0,0,0,2.0,1.0,5.0,3.0,0,0,2.0,1.0,5.0,3.0,0,0,2.0,1.0,5.0,3.0,0,0,2.0,1.0,5.0,3.0,0,0,2.0,1.0,5.0,3.0,0,0,5.0,5.0,0.0,3.0,0,0,5.0,5.0,3.0,0,0,5.0,5.0,3.0,0,39.0,PFDD,1.0,1.0,0.0,1.0,2.0,0.0,0.0,0.0,3.0,0.0,3,0.0,0.0,0.0,0.0,3.0,0.0,3,0.0,0.0,0.0,0.0,3.0,0.0,3,0.0,0.0,0.0,0.0,3.0,0.0,3,0.0,0.0,0.0,0.0,3.0,0.0,3,0.0,0.0,0.0,0.0,3.0,0.0,3,0.0,0.0,0.0,0.0,3.0,0.0,3,0.0,0.0,0.0,0.0,3.0,0.0,3,0.0,0.0,0.0,0.0,3.0,0.0,3,0.0,0.0,0.0,0.0,3.0,0.0,3,0.0,0.0,0.0,0.0,3.0,0.0,3,0.0,0.0,0.0,0.0,3.0,0.0,3,0.0,0.0,0.0,0.0,3.0,0.0,3,0.0,0.0,0.0,0.0,3.0,0.0,3,0.0,0.0,0.0,0.0,3.0,0.0,3,0.0,0.0,0.0,0.0,3.0,0.0,3,0.0,0.0,0.0,0.0,3.0,0.0,3,0.0,0
56,0,3.0,0.0,3,0,0,3.0,0.0,3.0,0,0,3.0,0.0,3.0,0,0,3.0,0.0,3.0,0,0,3.0,0.0,0.0,3.0,0,0,0.0,3.0,0.0,3.0,0,0,3.0,0.0,0.0,3.0,0,0,3.0,0.0,0.0,3.0,0,0,3.0,0.0,0.0,3.0,0,0,3.0,0.0,0.0,3.0,0,0,1,2,0,3,0,0,3.0,0.0,0.0,3.0,0,0,3.0,0.0,0.0,3.0,0,0,1,2,0,3,0,0,3.0,0.0,0.0,3.0,0,0,3.0,0.0,0.0,3.0,0,0,2.0,1.0,5.0,3.0,0,0,5,5,5,3,0,0,2.0,1.0,5.0,3.0,0,0,2.0,1.0,5.0,3.0,0,0,5,5,5,3,0,0,2.0,1.0,5.0,3.0,0,0,2.0,1.0,5.0,3.0,0,0,2.0,1.0,5.0,3.0,0,0,2.0,1.0,5.0,3.0,0,0,2.0,1.0,5.0,3.0,0,0,2.0,1.0,5.0,3.0,0,0,2.0,1.0,5.0,3.0,0,0,2.0,1.0,5.0,3.0,0,0,5.0,5.0,0.0,3.0,0,0,3.0,0.0,3.0,0,0,3.0,0.0,3.0,0,49.0,PFD,1.0,1.0,0.0,1.0,2.0,0.0,0.0,0.0,3.0,0.0,3,0.0,1.0,1.0,2.0,1.0,2.0,1,2.0,0.0,0.0,0.0,3.0,0.0,3,0.0,0.0,0.0,0.0,3.0,0.0,3,0.0,0.0,0.0,0.0,3.0,0.0,3,0.0,0.0,0.0,0.0,3.0,0.0,3,0.0,0.0,0.0,0.0,3.0,0.0,3,0.0,0.0,0.0,0.0,3.0,0.0,3,0.0,1.0,3.0,0.0,3.0,0.0,3,0.0,0.0,0.0,0.0,3.0,0.0,3,0.0,0.0,0.0,0.0,3.0,0.0,3,0.0,0.0,0.0,0.0,3.0,0.0,3,0.0,0.0,0.0,0.0,3.0,0.0,3,0.0,0.0,0.0,0.0,3.0,0.0,3,0.0,0.0,0.0,0.0,5.0,5.0,3,0.0,1.0,4.0,-1.0,4.0,-1.0,4,-1.0,0.0,0.0,0.0,3.0,0.0,3,0.0,0
57,0,5.0,5.0,3,0,0,5.0,5.0,3.0,0,0,3.0,0.0,3.0,0,0,3.0,0.0,3.0,0,0,3.0,0.0,0.0,3.0,0,0,0.0,3.0,0.0,3.0,0,0,3.0,0.0,0.0,3.0,0,0,3.0,0.0,0.0,3.0,0,0,3.0,0.0,0.0,3.0,0,0,3.0,0.0,0.0,3.0,0,0,1,2,0,3,0,0,3.0,0.0,0.0,3.0,0,0,3.0,0.0,0.0,3.0,0,0,1,2,0,3,0,0,3.0,0.0,0.0,3.0,0,0,3.0,0.0,0.0,3.0,0,0,3.0,0.0,0.0,3.0,0,0,1,2,0,3,0,0,3.0,0.0,0.0,3.0,0,0,3.0,0.0,0.0,3.0,0,0,1,2,0,3,0,0,3.0,0.0,0.0,3.0,0,0,3.0,0.0,0.0,3.0,0,0,2.0,1.0,5.0,3.0,0,0,2.0,1.0,5.0,3.0,0,0,2.0,1.0,5.0,3.0,0,0,2.0,1.0,5.0,3.0,0,0,3.0,0.0,0.0,3.0,0,0,3.0,0.0,0.0,3.0,0,0,1.0,2.0,0.0,3.0,0,0,5.0,5.0,3.0,0,0,3.0,0.0,3.0,0,10.0,PFD,1.0,1.0,0.0,1.0,2.0,0.0,0.0,0.0,3.0,0.0,3,0.0,0.0,0.0,0.0,3.0,0.0,3,0.0,0.0,0.0,0.0,3.0,0.0,3,0.0,0.0,0.0,0.0,3.0,0.0,3,0.0,0.0,0.0,0.0,3.0,0.0,3,0.0,0.0,0.0,0.0,3.0,0.0,3,0.0,0.0,0.0,0.0,3.0,0.0,3,0.0,0.0,0.0,0.0,3.0,0.0,3,0.0,0.0,0.0,0.0,3.0,0.0,3,0.0,0.0,0.0,0.0,3.0,0.0,3,0.0,0.0,0.0,0.0,3.0,0.0,3,0.0,0.0,0.0,0.0,3.0,0.0,3,0.0,1.0,1.0,2.0,1.0,2.0,1,2.0,0.0,0.0,0.0,3.0,0.0,3,0.0,0.0,0.0,0.0,3.0,0.0,3,0.0,0.0,0.0,0.0,3.0,0.0,3,0.0,0.0,0.0,0.0,3.0,0.0,3,0.0,0
58,0,5.0,5.0,3,0,0,3.0,0.0,3.0,0,0,3.0,0.0,3.0,0,1,1.0,2.0,1.0,2,0,3.0,0.0,0.0,3.0,0,0,0.0,5.0,5.0,3.0,0,0,3.0,0.0,0.0,3.0,0,0,5.0,5.0,0.0,3.0,0,0,5.0,5.0,0.0,3.0,0,0,5.0,5.0,0.0,3.0,0,0,1,2,0,3,0,0,3.0,0.0,0.0,3.0,0,0,3.0,0.0,0.0,3.0,0,0,1,2,0,3,0,0,3.0,0.0,0.0,3.0,0,0,3.0,0.0,0.0,3.0,0,0,2.0,1.0,5.0,3.0,0,0,5,5,5,3,0,0,2.0,1.0,5.0,3.0,0,0,2.0,1.0,5.0,3.0,0,0,5,5,5,3,0,0,2.0,1.0,5.0,3.0,0,0,2.0,1.0,5.0,3.0,0,0,2.0,1.0,5.0,3.0,0,0,2.0,1.0,5.0,3.0,0,0,2.0,1.0,5.0,3.0,0,0,2.0,1.0,5.0,3.0,0,0,2.0,1.0,5.0,3.0,0,0,2.0,1.0,5.0,3.0,0,0,5.0,5.0,0.0,3.0,0,0,5.0,5.0,3.0,0,0,3.0,0.0,3.0,0,41.0,PFD,1.0,1.0,0.0,1.0,2.0,0.0,0.0,0.0,3.0,0.0,3,0.0,0.0,0.0,0.0,3.0,0.0,3,0.0,0.0,0.0,0.0,3.0,0.0,3,0.0,0.0,0.0,0.0,3.0,0.0,3,0.0,0.0,0.0,0.0,3.0,0.0,3,0.0,0.0,0.0,0.0,3.0,0.0,3,0.0,0.0,0.0,0.0,3.0,0.0,3,0.0,0.0,0.0,0.0,3.0,0.0,3,0.0,0.0,0.0,0.0,3.0,0.0,3,0.0,0.0,0.0,0.0,3.0,0.0,3,0.0,0.0,0.0,0.0,3.0,0.0,3,0.0,0.0,0.0,0.0,3.0,0.0,3,0.0,0.0,0.0,0.0,3.0,0.0,3,0.0,0.0,0.0,0.0,3.0,0.0,3,0.0,0.0,0.0,0.0,3.0,0.0,3,0.0,0.0,0.0,0.0,3.0,0.0,3,0.0,0.0,0.0,0.0,3.0,0.0,3,0.0,0
59,0,3.0,0.0,3,0,0,3.0,0.0,3.0,0,0,3.0,0.0,3.0,0,0,3.0,0.0,3.0,0,0,3.0,0.0,0.0,3.0,0,0,0.0,3.0,0.0,3.0,0,0,3.0,0.0,0.0,3.0,0,0,3.0,0.0,0.0,3.0,0,0,3.0,0.0,0.0,3.0,0,0,3.0,0.0,0.0,3.0,0,0,5,5,5,3,0,0,2.0,1.0,5.0,3.0,0,0,2.0,1.0,5.0,3.0,0,0,5,5,5,3,0,0,2.0,1.0,5.0,3.0,0,0,2.0,1.0,5.0,3.0,0,0,2.0,1.0,5.0,3.0,0,0,5,5,5,3,0,0,2.0,1.0,5.0,3.0,0,0,2.0,1.0,5.0,3.0,0,0,5,5,5,3,0,0,2.0,1.0,5.0,3.0,0,0,2.0,1.0,5.0,3.0,0,0,2.0,1.0,5.0,3.0,0,0,2.0,1.0,5.0,3.0,0,0,2.0,1.0,5.0,3.0,0,0,2.0,1.0,5.0,3.0,0,0,2.0,1.0,5.0,3.0,0,0,2.0,1.0,5.0,3.0,0,0,5.0,5.0,5.0,3.0,0,0,5.0,5.0,3.0,0,0,3.0,0.0,3.0,0,39.0,PFDD,1.0,2.0,0.0,2.0,1.0,0.0,0.0,0.0,3.0,0.0,3,0.0,0.0,0.0,0.0,3.0,0.0,3,0.0,0.0,0.0,0.0,3.0,0.0,3,0.0,0.0,0.0,0.0,3.0,0.0,3,0.0,0.0,0.0,0.0,3.0,0.0,3,0.0,0.0,0.0,0.0,3.0,0.0,3,0.0,0.0,0.0,0.0,3.0,0.0,3,0.0,0.0,0.0,0.0,3.0,0.0,3,0.0,1.0,5.0,5.0,5.0,5.0,5,5.0,0.0,0.0,0.0,3.0,0.0,3,0.0,0.0,0.0,0.0,3.0,0.0,3,0.0,0.0,0.0,0.0,3.0,0.0,3,0.0,0.0,0.0,0.0,5.0,5.0,3,0.0,0.0,0.0,0.0,3.0,0.0,3,0.0,0.0,0.0,0.0,3.0,0.0,3,0.0,0.0,0.0,0.0,3.0,0.0,3,0.0,0.0,0.0,0.0,3.0,0.0,3,0.0,0
60,0,3.0,0.0,3,0,0,3.0,0.0,3.0,0,0,3.0,0.0,3.0,0,0,3.0,0.0,3.0,0,0,3.0,0.0,0.0,3.0,0,0,0.0,3.0,0.0,3.0,0,0,3.0,0.0,0.0,3.0,0,0,3.0,0.0,0.0,3.0,0,0,3.0,0.0,0.0,3.0,0,0,3.0,0.0,0.0,3.0,0,0,1,2,0,3,0,0,3.0,0.0,0.0,3.0,0,0,3.0,0.0,0.0,3.0,0,0,1,2,0,3,0,0,3.0,0.0,0.0,3.0,0,0,3.0,0.0,0.0,3.0,0,0,2.0,1.0,5.0,3.0,0,0,5,5,5,3,0,0,2.0,1.0,5.0,3.0,0,0,2.0,1.0,5.0,3.0,0,0,5,5,5,3,0,0,2.0,1.0,5.0,3.0,0,0,2.0,1.0,5.0,3.0,0,0,2.0,1.0,5.0,3.0,0,0,2.0,1.0,5.0,3.0,0,0,2.0,1.0,5.0,3.0,0,0,2.0,1.0,5.0,3.0,0,0,2.0,1.0,5.0,3.0,0,0,2.0,1.0,5.0,3.0,0,0,5.0,5.0,0.0,3.0,0,0,5.0,5.0,3.0,0,0,3.0,0.0,3.0,0,39.0,PFDD,1.0,2.0,0.0,2.0,1.0,0.0,0.0,0.0,3.0,0.0,3,0.0,1.0,5.0,5.0,5.0,5.0,5,5.0,1.0,3.0,0.0,3.0,0.0,3,0.0,0.0,0.0,0.0,3.0,0.0,3,0.0,0.0,0.0,0.0,3.0,0.0,3,0.0,0.0,0.0,0.0,3.0,0.0,3,0.0,1.0,5.0,5.0,5.0,5.0,5,5.0,1.0,5.0,5.0,5.0,5.0,5,5.0,0.0,0.0,0.0,3.0,0.0,3,0.0,1.0,2.0,1.0,2.0,1.0,2,1.0,0.0,0.0,0.0,3.0,0.0,3,0.0,0.0,0.0,0.0,3.0,0.0,3,0.0,0.0,0.0,0.0,6.0,6.0,4,-1.0,0.0,0.0,0.0,3.0,0.0,3,0.0,0.0,0.0,0.0,3.0,0.0,3,0.0,1.0,5.0,5.0,5.0,5.0,5,5.0,0.0,0.0,0.0,3.0,0.0,3,0.0,0
61,0,5.0,5.0,3,0,0,3.0,0.0,3.0,0,0,3.0,0.0,3.0,0,0,3.0,0.0,3.0,0,0,3.0,0.0,0.0,3.0,0,0,0.0,3.0,0.0,3.0,0,0,3.0,0.0,0.0,3.0,0,0,3.0,0.0,0.0,3.0,0,0,3.0,0.0,0.0,3.0,0,0,3.0,0.0,0.0,3.0,0,0,1,2,0,3,0,0,3.0,0.0,0.0,3.0,0,0,3.0,0.0,0.0,3.0,0,0,1,2,0,3,0,0,3.0,0.0,0.0,3.0,0,0,3.0,0.0,0.0,3.0,0,0,3.0,0.0,0.0,3.0,0,0,1,2,0,3,0,0,3.0,0.0,0.0,3.0,0,0,3.0,0.0,0.0,3.0,0,0,1,2,0,3,0,0,3.0,0.0,0.0,3.0,0,0,3.0,0.0,0.0,3.0,0,0,2.0,1.0,5.0,3.0,0,0,2.0,1.0,5.0,3.0,0,0,2.0,1.0,5.0,3.0,0,0,2.0,1.0,5.0,3.0,0,0,3.0,0.0,0.0,3.0,0,0,3.0,0.0,0.0,3.0,0,0,1.0,2.0,0.0,3.0,0,0,5.0,5.0,3.0,0,0,3.0,0.0,3.0,0,33.0,PFDD,0.0,0.0,0.0,3.0,0.0,0.0,0.0,0.0,3.0,0.0,3,0.0,0.0,0.0,0.0,3.0,0.0,3,0.0,0.0,0.0,0.0,3.0,0.0,3,0.0,0.0,0.0,0.0,3.0,0.0,3,0.0,0.0,0.0,0.0,3.0,0.0,3,0.0,0.0,0.0,0.0,3.0,0.0,3,0.0,0.0,0.0,0.0,3.0,0.0,3,0.0,0.0,0.0,0.0,3.0,0.0,3,0.0,0.0,0.0,0.0,3.0,0.0,3,0.0,0.0,0.0,0.0,3.0,0.0,3,0.0,0.0,0.0,0.0,3.0,0.0,3,0.0,0.0,0.0,0.0,3.0,0.0,3,0.0,0.0,0.0,0.0,3.0,0.0,3,0.0,0.0,0.0,0.0,3.0,0.0,3,0.0,0.0,0.0,0.0,3.0,0.0,3,0.0,0.0,0.0,0.0,3.0,0.0,3,0.0,0.0,0.0,0.0,3.0,0.0,3,0.0,1
62,0,5.0,5.0,3,0,0,3.0,0.0,3.0,0,0,3.0,0.0,3.0,0,0,3.0,0.0,3.0,0,0,3.0,0.0,0.0,3.0,0,0,0.0,3.0,0.0,3.0,0,0,3.0,0.0,0.0,3.0,0,0,3.0,0.0,0.0,3.0,0,0,3.0,0.0,0.0,3.0,0,0,3.0,0.0,0.0,3.0,0,0,1,2,0,3,0,0,3.0,0.0,0.0,3.0,0,0,3.0,0.0,0.0,3.0,0,0,1,2,0,3,0,0,3.0,0.0,0.0,3.0,0,0,3.0,0.0,0.0,3.0,0,0,3.0,0.0,0.0,3.0,0,0,1,2,0,3,0,0,3.0,0.0,0.0,3.0,0,0,3.0,0.0,0.0,3.0,0,0,1,2,0,3,0,0,3.0,0.0,0.0,3.0,0,0,3.0,0.0,0.0,3.0,0,0,2.0,1.0,5.0,3.0,0,0,2.0,1.0,5.0,3.0,0,0,2.0,1.0,5.0,3.0,0,0,2.0,1.0,5.0,3.0,0,0,3.0,0.0,0.0,3.0,0,0,3.0,0.0,0.0,3.0,0,0,5.0,5.0,0.0,3.0,0,0,3.0,0.0,3.0,0,0,3.0,0.0,3.0,0,27.0,PFD,1.0,1.0,0.0,1.0,2.0,0.0,0.0,0.0,3.0,0.0,3,0.0,0.0,0.0,0.0,3.0,0.0,3,0.0,0.0,0.0,0.0,3.0,0.0,3,0.0,0.0,0.0,0.0,3.0,0.0,3,0.0,0.0,0.0,0.0,3.0,0.0,3,0.0,0.0,0.0,0.0,3.0,0.0,3,0.0,1.0,2.0,1.0,2.0,1.0,2,1.0,0.0,0.0,0.0,3.0,0.0,3,0.0,0.0,0.0,0.0,3.0,0.0,3,0.0,0.0,0.0,0.0,3.0,0.0,3,0.0,0.0,0.0,0.0,3.0,0.0,3,0.0,0.0,0.0,0.0,3.0,0.0,3,0.0,0.0,0.0,0.0,3.0,0.0,3,0.0,0.0,0.0,0.0,3.0,0.0,3,0.0,0.0,0.0,0.0,3.0,0.0,3,0.0,0.0,0.0,0.0,3.0,0.0,3,0.0,0.0,0.0,0.0,3.0,0.0,3,0.0,0
63,0,5.0,5.0,3,0,1,4.0,-1.0,4.0,-1,0,3.0,0.0,3.0,0,0,3.0,0.0,3.0,0,0,3.0,0.0,0.0,3.0,0,0,0.0,5.0,5.0,3.0,0,0,1.0,2.0,0.0,3.0,0,0,5.0,5.0,0.0,3.0,0,0,3.0,0.0,0.0,3.0,0,0,5.0,5.0,0.0,3.0,0,0,1,2,0,3,0,0,3.0,0.0,0.0,3.0,0,0,3.0,0.0,0.0,3.0,0,0,1,2,0,3,0,0,3.0,0.0,0.0,3.0,0,0,3.0,0.0,0.0,3.0,0,0,3.0,0.0,0.0,3.0,0,0,1,2,0,3,0,0,3.0,0.0,0.0,3.0,0,0,3.0,0.0,0.0,3.0,0,0,1,2,0,3,0,0,3.0,0.0,0.0,3.0,0,0,3.0,0.0,0.0,3.0,0,0,2.0,1.0,5.0,3.0,0,0,2.0,1.0,5.0,3.0,0,0,2.0,1.0,5.0,3.0,0,0,2.0,1.0,5.0,3.0,0,0,3.0,0.0,0.0,3.0,0,0,3.0,0.0,0.0,3.0,0,0,1.0,2.0,0.0,3.0,0,0,5.0,5.0,3.0,0,0,3.0,0.0,3.0,0,38.0,PFD,1.0,4.0,0.0,4.0,-1.0,0.0,0.0,0.0,3.0,0.0,3,0.0,0.0,0.0,0.0,3.0,0.0,3,0.0,0.0,0.0,0.0,3.0,0.0,3,0.0,0.0,0.0,0.0,3.0,0.0,3,0.0,0.0,0.0,0.0,3.0,0.0,3,0.0,0.0,0.0,0.0,3.0,0.0,3,0.0,1.0,5.0,5.0,5.0,5.0,5,5.0,0.0,0.0,0.0,3.0,0.0,3,0.0,0.0,0.0,0.0,3.0,0.0,3,0.0,0.0,0.0,0.0,3.0,0.0,3,0.0,0.0,0.0,0.0,3.0,0.0,3,0.0,0.0,0.0,0.0,3.0,0.0,3,0.0,0.0,0.0,0.0,3.0,0.0,3,0.0,0.0,0.0,0.0,3.0,0.0,3,0.0,0.0,0.0,0.0,3.0,0.0,3,0.0,0.0,0.0,0.0,3.0,0.0,3,0.0,0.0,0.0,0.0,3.0,0.0,3,0.0,0
64,0,3.0,0.0,3,0,0,5.0,5.0,3.0,0,0,3.0,0.0,3.0,0,0,3.0,0.0,3.0,0,0,3.0,0.0,0.0,3.0,0,0,0.0,5.0,5.0,3.0,0,1,1.0,2.0,0.0,1.0,2,1,5.0,5.0,0.0,5.0,5,0,5.0,5.0,0.0,3.0,0,0,5.0,5.0,0.0,3.0,0,0,1,2,0,3,0,0,3.0,0.0,0.0,3.0,0,0,3.0,0.0,0.0,3.0,0,0,1,2,0,3,0,0,3.0,0.0,0.0,3.0,0,0,3.0,0.0,0.0,3.0,0,0,3.0,0.0,0.0,3.0,0,0,1,2,0,3,0,0,3.0,0.0,0.0,3.0,0,0,3.0,0.0,0.0,3.0,0,0,1,2,0,3,0,0,3.0,0.0,0.0,3.0,0,0,3.0,0.0,0.0,3.0,0,0,2.0,1.0,5.0,3.0,0,0,2.0,1.0,5.0,3.0,0,0,2.0,1.0,5.0,3.0,0,0,2.0,1.0,5.0,3.0,0,0,3.0,0.0,0.0,3.0,0,0,3.0,0.0,0.0,3.0,0,0,5.0,5.0,0.0,3.0,0,0,5.0,5.0,3.0,0,0,3.0,0.0,3.0,0,13.0,PFD,1.0,2.0,0.0,2.0,1.0,0.0,0.0,0.0,3.0,0.0,3,0.0,1.0,5.0,5.0,5.0,5.0,5,5.0,0.0,0.0,0.0,3.0,0.0,3,0.0,0.0,0.0,0.0,3.0,0.0,3,0.0,0.0,0.0,0.0,3.0,0.0,3,0.0,0.0,0.0,0.0,3.0,0.0,3,0.0,0.0,0.0,0.0,3.0,0.0,3,0.0,0.0,0.0,0.0,3.0,0.0,3,0.0,1.0,1.0,2.0,1.0,2.0,1,2.0,0.0,0.0,0.0,3.0,0.0,3,0.0,0.0,0.0,0.0,3.0,0.0,3,0.0,0.0,0.0,0.0,3.0,0.0,3,0.0,0.0,0.0,0.0,3.0,0.0,3,0.0,0.0,0.0,0.0,3.0,0.0,3,0.0,0.0,0.0,0.0,3.0,0.0,3,0.0,0.0,0.0,0.0,3.0,0.0,3,0.0,0.0,0.0,0.0,3.0,0.0,3,0.0,0
65,0,3.0,0.0,3,0,0,5.0,5.0,3.0,0,0,5.0,5.0,3.0,0,0,5.0,5.0,3.0,0,0,5.0,5.0,5.0,3.0,0,0,5.0,5.0,5.0,3.0,0,0,5.0,5.0,5.0,3.0,0,0,5.0,5.0,5.0,3.0,0,0,5.0,5.0,5.0,3.0,0,0,5.0,5.0,5.0,3.0,0,0,5,5,5,3,0,0,5.0,5.0,5.0,3.0,0,0,5.0,5.0,5.0,3.0,0,0,5,5,5,3,0,0,5.0,5.0,5.0,3.0,0,0,5.0,5.0,5.0,3.0,0,0,5.0,5.0,5.0,3.0,0,0,5,5,5,3,0,0,5.0,5.0,5.0,3.0,0,0,5.0,5.0,5.0,3.0,0,0,5,5,5,3,0,0,5.0,5.0,5.0,3.0,0,0,5.0,5.0,5.0,3.0,0,0,5.0,5.0,5.0,3.0,0,0,5.0,5.0,5.0,3.0,0,0,5.0,5.0,5.0,3.0,0,0,5.0,5.0,5.0,3.0,0,0,5.0,5.0,5.0,3.0,0,0,5.0,5.0,5.0,3.0,0,0,5.0,5.0,5.0,3.0,0,0,5.0,5.0,3.0,0,0,5.0,5.0,3.0,0,7.0,PFD,1.0,5.0,5.0,5.0,5.0,0.0,0.0,0.0,5.0,5.0,3,0.0,0.0,0.0,0.0,5.0,5.0,3,0.0,0.0,0.0,0.0,5.0,5.0,3,0.0,0.0,0.0,0.0,5.0,5.0,3,0.0,0.0,0.0,0.0,5.0,5.0,3,0.0,0.0,0.0,0.0,5.0,5.0,3,0.0,0.0,0.0,0.0,5.0,5.0,3,0.0,0.0,0.0,0.0,5.0,5.0,3,0.0,0.0,0.0,0.0,5.0,5.0,3,0.0,0.0,0.0,0.0,5.0,5.0,3,0.0,0.0,0.0,0.0,5.0,5.0,3,0.0,0.0,0.0,0.0,5.0,5.0,3,0.0,0.0,0.0,0.0,5.0,5.0,3,0.0,0.0,0.0,0.0,5.0,5.0,3,0.0,0.0,0.0,0.0,5.0,5.0,3,0.0,0.0,0.0,0.0,5.0,5.0,3,0.0,0.0,0.0,0.0,5.0,5.0,3,0.0,0
66,0,3.0,0.0,3,0,0,3.0,0.0,3.0,0,0,3.0,0.0,3.0,0,0,3.0,0.0,3.0,0,0,3.0,0.0,0.0,3.0,0,0,0.0,3.0,0.0,3.0,0,0,3.0,0.0,0.0,3.0,0,0,3.0,0.0,0.0,3.0,0,0,3.0,0.0,0.0,3.0,0,0,3.0,0.0,0.0,3.0,0,0,5,5,5,3,0,0,2.0,1.0,5.0,3.0,0,0,2.0,1.0,5.0,3.0,0,0,5,5,5,3,0,0,2.0,1.0,5.0,3.0,0,0,2.0,1.0,5.0,3.0,0,0,3.0,0.0,0.0,3.0,0,0,1,2,0,3,0,0,3.0,0.0,0.0,3.0,0,0,3.0,0.0,0.0,3.0,0,0,1,2,0,3,0,0,3.0,0.0,0.0,3.0,0,0,3.0,0.0,0.0,3.0,0,0,2.0,1.0,5.0,3.0,0,0,2.0,1.0,5.0,3.0,0,0,2.0,1.0,5.0,3.0,0,0,2.0,1.0,5.0,3.0,0,0,3.0,0.0,0.0,3.0,0,0,3.0,0.0,0.0,3.0,0,0,1.0,2.0,0.0,3.0,0,0,5.0,5.0,3.0,0,0,5.0,5.0,3.0,0,1.0,PFD,1.0,1.0,0.0,1.0,2.0,0.0,0.0,0.0,3.0,0.0,3,0.0,0.0,0.0,0.0,3.0,0.0,3,0.0,0.0,0.0,0.0,3.0,0.0,3,0.0,0.0,0.0,0.0,3.0,0.0,3,0.0,0.0,0.0,0.0,3.0,0.0,3,0.0,0.0,0.0,0.0,3.0,0.0,3,0.0,0.0,0.0,0.0,3.0,0.0,3,0.0,0.0,0.0,0.0,3.0,0.0,3,0.0,0.0,0.0,0.0,3.0,0.0,3,0.0,0.0,0.0,0.0,3.0,0.0,3,0.0,0.0,0.0,0.0,3.0,0.0,3,0.0,0.0,0.0,0.0,3.0,0.0,3,0.0,0.0,0.0,0.0,3.0,0.0,3,0.0,0.0,0.0,0.0,3.0,0.0,3,0.0,0.0,0.0,0.0,3.0,0.0,3,0.0,0.0,0.0,0.0,3.0,0.0,3,0.0,0.0,0.0,0.0,3.0,0.0,3,0.0,0
67,0,5.0,5.0,3,0,0,3.0,0.0,3.0,0,0,3.0,0.0,3.0,0,0,3.0,0.0,3.0,0,0,3.0,0.0,0.0,3.0,0,0,0.0,3.0,0.0,3.0,0,0,3.0,0.0,0.0,3.0,0,0,3.0,0.0,0.0,3.0,0,0,3.0,0.0,0.0,3.0,0,0,3.0,0.0,0.0,3.0,0,0,1,2,0,3,0,0,3.0,0.0,0.0,3.0,0,0,3.0,0.0,0.0,3.0,0,0,1,2,0,3,0,0,3.0,0.0,0.0,3.0,0,0,3.0,0.0,0.0,3.0,0,0,3.0,0.0,0.0,3.0,0,0,1,2,0,3,0,0,3.0,0.0,0.0,3.0,0,0,3.0,0.0,0.0,3.0,0,0,1,2,0,3,0,0,3.0,0.0,0.0,3.0,0,0,3.0,0.0,0.0,3.0,0,0,2.0,1.0,5.0,3.0,0,0,2.0,1.0,5.0,3.0,0,0,2.0,1.0,5.0,3.0,0,0,2.0,1.0,5.0,3.0,0,0,3.0,0.0,0.0,3.0,0,0,3.0,0.0,0.0,3.0,0,0,1.0,2.0,0.0,3.0,0,0,5.0,5.0,3.0,0,0,3.0,0.0,3.0,0,33.0,PFDD,1.0,2.0,0.0,2.0,1.0,0.0,0.0,0.0,3.0,0.0,3,0.0,0.0,0.0,0.0,3.0,0.0,3,0.0,0.0,0.0,0.0,3.0,0.0,3,0.0,0.0,0.0,0.0,3.0,0.0,3,0.0,0.0,0.0,0.0,3.0,0.0,3,0.0,0.0,0.0,0.0,3.0,0.0,3,0.0,0.0,0.0,0.0,3.0,0.0,3,0.0,0.0,0.0,0.0,3.0,0.0,3,0.0,0.0,0.0,0.0,6.0,6.0,4,-1.0,0.0,0.0,0.0,3.0,0.0,3,0.0,0.0,0.0,0.0,3.0,0.0,3,0.0,0.0,0.0,0.0,3.0,0.0,3,0.0,0.0,0.0,0.0,3.0,0.0,3,0.0,0.0,0.0,0.0,3.0,0.0,3,0.0,0.0,0.0,0.0,3.0,0.0,3,0.0,0.0,0.0,0.0,3.0,0.0,3,0.0,0.0,0.0,0.0,3.0,0.0,3,0.0,0
68,0,3.0,0.0,3,0,0,5.0,5.0,3.0,0,0,5.0,5.0,3.0,0,0,5.0,5.0,3.0,0,0,5.0,5.0,5.0,3.0,0,0,5.0,5.0,5.0,3.0,0,0,5.0,5.0,5.0,3.0,0,0,5.0,5.0,5.0,3.0,0,0,5.0,5.0,5.0,3.0,0,0,5.0,5.0,5.0,3.0,0,0,5,5,5,3,0,0,5.0,5.0,5.0,3.0,0,0,5.0,5.0,5.0,3.0,0,0,5,5,5,3,0,0,5.0,5.0,5.0,3.0,0,0,5.0,5.0,5.0,3.0,0,0,5.0,5.0,5.0,3.0,0,0,5,5,5,3,0,0,5.0,5.0,5.0,3.0,0,0,5.0,5.0,5.0,3.0,0,0,5,5,5,3,0,0,5.0,5.0,5.0,3.0,0,0,5.0,5.0,5.0,3.0,0,0,5.0,5.0,5.0,3.0,0,0,5.0,5.0,5.0,3.0,0,0,5.0,5.0,5.0,3.0,0,0,5.0,5.0,5.0,3.0,0,0,5.0,5.0,5.0,3.0,0,0,5.0,5.0,5.0,3.0,0,0,5.0,5.0,5.0,3.0,0,0,5.0,5.0,3.0,0,0,5.0,5.0,3.0,0,9.0,PFD,0.0,0.0,5.0,3.0,0.0,0.0,0.0,0.0,5.0,5.0,3,0.0,1.0,5.0,5.0,5.0,5.0,5,5.0,0.0,0.0,0.0,5.0,5.0,3,0.0,0.0,0.0,0.0,5.0,5.0,3,0.0,0.0,0.0,0.0,5.0,5.0,3,0.0,0.0,0.0,0.0,5.0,5.0,3,0.0,0.0,0.0,0.0,5.0,5.0,3,0.0,0.0,0.0,0.0,5.0,5.0,3,0.0,0.0,0.0,0.0,5.0,5.0,3,0.0,1.0,5.0,5.0,5.0,5.0,5,5.0,0.0,0.0,0.0,5.0,5.0,3,0.0,0.0,0.0,0.0,5.0,5.0,3,0.0,0.0,0.0,0.0,5.0,5.0,3,0.0,0.0,0.0,0.0,5.0,5.0,3,0.0,0.0,0.0,0.0,5.0,5.0,3,0.0,0.0,0.0,0.0,5.0,5.0,3,0.0,0.0,0.0,0.0,5.0,5.0,3,0.0,0
69,0,5.0,5.0,3,0,0,5.0,5.0,3.0,0,0,5.0,5.0,3.0,0,0,5.0,5.0,3.0,0,0,3.0,0.0,0.0,3.0,0,0,0.0,3.0,0.0,3.0,0,0,3.0,0.0,0.0,3.0,0,0,3.0,0.0,0.0,3.0,0,0,3.0,0.0,0.0,3.0,0,0,3.0,0.0,0.0,3.0,0,0,1,2,0,3,0,0,3.0,0.0,0.0,3.0,0,0,3.0,0.0,0.0,3.0,0,0,1,2,0,3,0,0,3.0,0.0,0.0,3.0,0,0,3.0,0.0,0.0,3.0,0,0,3.0,0.0,0.0,3.0,0,0,5,5,5,3,0,0,2.0,1.0,5.0,3.0,0,0,2.0,1.0,5.0,3.0,0,0,5,5,5,3,0,0,2.0,1.0,5.0,3.0,0,0,2.0,1.0,5.0,3.0,0,0,2.0,1.0,5.0,3.0,0,0,2.0,1.0,5.0,3.0,0,0,2.0,1.0,5.0,3.0,0,0,2.0,1.0,5.0,3.0,0,0,3.0,0.0,0.0,3.0,0,0,3.0,0.0,0.0,3.0,0,0,1.0,2.0,0.0,3.0,0,0,5.0,5.0,3.0,0,0,3.0,0.0,3.0,0,39.0,PFDD,0.0,0.0,0.0,3.0,0.0,0.0,0.0,0.0,3.0,0.0,3,0.0,0.0,0.0,0.0,3.0,0.0,3,0.0,0.0,0.0,0.0,3.0,0.0,3,0.0,0.0,0.0,0.0,3.0,0.0,3,0.0,0.0,0.0,0.0,3.0,0.0,3,0.0,0.0,0.0,0.0,3.0,0.0,3,0.0,0.0,0.0,0.0,3.0,0.0,3,0.0,0.0,0.0,0.0,3.0,0.0,3,0.0,0.0,0.0,0.0,3.0,0.0,3,0.0,1.0,2.0,1.0,2.0,1.0,2,1.0,0.0,0.0,0.0,3.0,0.0,3,0.0,0.0,0.0,0.0,3.0,0.0,3,0.0,0.0,0.0,0.0,3.0,0.0,3,0.0,0.0,0.0,0.0,3.0,0.0,3,0.0,0.0,0.0,0.0,3.0,0.0,3,0.0,0.0,0.0,0.0,3.0,0.0,3,0.0,0.0,0.0,0.0,3.0,0.0,3,0.0,0
70,0,5.0,5.0,3,0,0,3.0,0.0,3.0,0,0,3.0,0.0,3.0,0,0,3.0,0.0,3.0,0,0,3.0,0.0,0.0,3.0,0,0,0.0,3.0,0.0,3.0,0,0,3.0,0.0,0.0,3.0,0,0,3.0,0.0,0.0,3.0,0,0,3.0,0.0,0.0,3.0,0,0,3.0,0.0,0.0,3.0,0,0,1,2,0,3,0,0,3.0,0.0,0.0,3.0,0,0,3.0,0.0,0.0,3.0,0,0,1,2,0,3,0,0,3.0,0.0,0.0,3.0,0,0,3.0,0.0,0.0,3.0,0,0,3.0,0.0,0.0,3.0,0,0,1,2,0,3,0,0,3.0,0.0,0.0,3.0,0,0,3.0,0.0,0.0,3.0,0,0,1,2,0,3,0,0,3.0,0.0,0.0,3.0,0,0,3.0,0.0,0.0,3.0,0,0,3.0,0.0,0.0,3.0,0,0,3.0,0.0,0.0,3.0,0,0,3.0,0.0,0.0,3.0,0,0,3.0,0.0,0.0,3.0,0,0,3.0,0.0,0.0,3.0,0,0,3.0,0.0,0.0,3.0,0,0,1.0,2.0,0.0,3.0,0,0,5.0,5.0,3.0,0,0,3.0,0.0,3.0,0,21.0,PFDD,1.0,3.0,0.0,3.0,0.0,0.0,0.0,0.0,3.0,0.0,3,0.0,1.0,1.0,2.0,1.0,2.0,1,2.0,1.0,1.0,2.0,1.0,2.0,1,2.0,0.0,0.0,0.0,3.0,0.0,3,0.0,0.0,0.0,0.0,3.0,0.0,3,0.0,0.0,0.0,0.0,3.0,0.0,3,0.0,0.0,0.0,0.0,3.0,0.0,3,0.0,0.0,0.0,0.0,3.0,0.0,3,0.0,1.0,1.0,2.0,1.0,2.0,1,2.0,1.0,1.0,2.0,1.0,2.0,1,2.0,1.0,1.0,2.0,1.0,2.0,1,2.0,1.0,1.0,2.0,1.0,2.0,1,2.0,0.0,0.0,0.0,3.0,0.0,3,0.0,0.0,0.0,0.0,3.0,0.0,3,0.0,0.0,0.0,0.0,3.0,0.0,3,0.0,0.0,0.0,0.0,3.0,0.0,3,0.0,0.0,0.0,0.0,5.0,5.0,3,0.0,0
71,0,3.0,0.0,3,0,0,5.0,5.0,3.0,0,0,5.0,5.0,3.0,0,0,5.0,5.0,3.0,0,0,5.0,5.0,5.0,3.0,0,0,5.0,5.0,5.0,3.0,0,0,5.0,5.0,5.0,3.0,0,0,5.0,5.0,5.0,3.0,0,0,5.0,5.0,5.0,3.0,0,0,5.0,5.0,5.0,3.0,0,0,5,5,5,3,0,0,5.0,5.0,5.0,3.0,0,0,5.0,5.0,5.0,3.0,0,0,5,5,5,3,0,0,5.0,5.0,5.0,3.0,0,0,5.0,5.0,5.0,3.0,0,0,5.0,5.0,5.0,3.0,0,0,5,5,5,3,0,0,5.0,5.0,5.0,3.0,0,0,5.0,5.0,5.0,3.0,0,0,5,5,5,3,0,0,5.0,5.0,5.0,3.0,0,0,5.0,5.0,5.0,3.0,0,0,5.0,5.0,5.0,3.0,0,0,5.0,5.0,5.0,3.0,0,0,5.0,5.0,5.0,3.0,0,0,5.0,5.0,5.0,3.0,0,0,5.0,5.0,5.0,3.0,0,0,5.0,5.0,5.0,3.0,0,0,5.0,5.0,5.0,3.0,0,0,5.0,5.0,3.0,0,0,5.0,5.0,3.0,0,1.0,PFD,0.0,0.0,5.0,3.0,0.0,0.0,0.0,0.0,5.0,5.0,3,0.0,1.0,5.0,5.0,5.0,5.0,5,5.0,0.0,0.0,0.0,5.0,5.0,3,0.0,0.0,0.0,0.0,5.0,5.0,3,0.0,0.0,0.0,0.0,5.0,5.0,3,0.0,0.0,0.0,0.0,5.0,5.0,3,0.0,0.0,0.0,0.0,5.0,5.0,3,0.0,0.0,0.0,0.0,5.0,5.0,3,0.0,1.0,5.0,5.0,5.0,5.0,5,5.0,0.0,0.0,0.0,5.0,5.0,3,0.0,0.0,0.0,0.0,5.0,5.0,3,0.0,1.0,5.0,5.0,5.0,5.0,5,5.0,0.0,0.0,0.0,5.0,5.0,3,0.0,0.0,0.0,0.0,5.0,5.0,3,0.0,0.0,0.0,0.0,5.0,5.0,3,0.0,0.0,0.0,0.0,5.0,5.0,3,0.0,0.0,0.0,0.0,5.0,5.0,3,0.0,0
72,0,5.0,5.0,3,0,0,3.0,0.0,3.0,0,0,3.0,0.0,3.0,0,0,3.0,0.0,3.0,0,0,3.0,0.0,0.0,3.0,0,0,0.0,5.0,5.0,3.0,0,0,1.0,2.0,0.0,3.0,0,0,3.0,0.0,0.0,3.0,0,0,3.0,0.0,0.0,3.0,0,0,5.0,5.0,0.0,3.0,0,0,1,2,0,3,0,0,3.0,0.0,0.0,3.0,0,0,3.0,0.0,0.0,3.0,0,0,1,2,0,3,0,0,3.0,0.0,0.0,3.0,0,0,3.0,0.0,0.0,3.0,0,0,3.0,0.0,0.0,3.0,0,0,1,2,0,3,0,0,3.0,0.0,0.0,3.0,0,0,3.0,0.0,0.0,3.0,0,0,1,2,0,3,0,0,3.0,0.0,0.0,3.0,0,0,3.0,0.0,0.0,3.0,0,0,2.0,1.0,5.0,3.0,0,0,2.0,1.0,5.0,3.0,0,0,2.0,1.0,5.0,3.0,0,0,2.0,1.0,5.0,3.0,0,0,3.0,0.0,0.0,3.0,0,0,3.0,0.0,0.0,3.0,0,0,1.0,2.0,0.0,3.0,0,0,3.0,0.0,3.0,0,0,3.0,0.0,3.0,0,1.0,PFD,1.0,1.0,0.0,1.0,2.0,0.0,0.0,0.0,3.0,0.0,3,0.0,1.0,1.0,2.0,1.0,2.0,1,2.0,0.0,0.0,0.0,3.0,0.0,3,0.0,0.0,0.0,0.0,3.0,0.0,3,0.0,0.0,0.0,0.0,3.0,0.0,3,0.0,0.0,0.0,0.0,3.0,0.0,3,0.0,0.0,0.0,0.0,3.0,0.0,3,0.0,0.0,0.0,0.0,3.0,0.0,3,0.0,1.0,5.0,5.0,5.0,5.0,5,5.0,0.0,0.0,0.0,3.0,0.0,3,0.0,0.0,0.0,0.0,3.0,0.0,3,0.0,0.0,0.0,0.0,3.0,0.0,3,0.0,0.0,0.0,0.0,3.0,0.0,3,0.0,0.0,0.0,0.0,3.0,0.0,3,0.0,0.0,0.0,0.0,3.0,0.0,3,0.0,0.0,0.0,0.0,3.0,0.0,3,0.0,0.0,0.0,0.0,3.0,0.0,3,0.0,0
73,0,3.0,0.0,3,0,0,3.0,0.0,3.0,0,0,3.0,0.0,3.0,0,0,3.0,0.0,3.0,0,0,3.0,0.0,0.0,3.0,0,0,0.0,3.0,0.0,3.0,0,0,1.0,2.0,0.0,3.0,0,0,5.0,5.0,0.0,3.0,0,0,5.0,5.0,0.0,3.0,0,0,5.0,5.0,0.0,3.0,0,0,5,5,5,3,0,0,2.0,1.0,5.0,3.0,0,0,2.0,1.0,5.0,3.0,0,0,5,5,5,3,0,0,2.0,1.0,5.0,3.0,0,0,2.0,1.0,5.0,3.0,0,0,2.0,1.0,5.0,3.0,0,0,5,5,5,3,0,0,2.0,1.0,5.0,3.0,0,0,2.0,1.0,5.0,3.0,0,0,5,5,5,3,0,0,2.0,1.0,5.0,3.0,0,0,2.0,1.0,5.0,3.0,0,0,2.0,1.0,5.0,3.0,0,0,2.0,1.0,5.0,3.0,0,0,2.0,1.0,5.0,3.0,0,0,2.0,1.0,5.0,3.0,0,0,2.0,1.0,5.0,3.0,0,0,2.0,1.0,5.0,3.0,0,0,1.0,2.0,5.0,3.0,0,0,5.0,5.0,3.0,0,0,3.0,0.0,3.0,0,26.0,PFD,0.0,0.0,0.0,3.0,0.0,0.0,0.0,0.0,3.0,0.0,3,0.0,0.0,0.0,0.0,3.0,0.0,3,0.0,0.0,0.0,0.0,3.0,0.0,3,0.0,0.0,0.0,0.0,3.0,0.0,3,0.0,0.0,0.0,0.0,3.0,0.0,3,0.0,0.0,0.0,0.0,3.0,0.0,3,0.0,0.0,0.0,0.0,3.0,0.0,3,0.0,0.0,0.0,0.0,3.0,0.0,3,0.0,0.0,0.0,0.0,3.0,0.0,3,0.0,0.0,0.0,0.0,3.0,0.0,3,0.0,0.0,0.0,0.0,3.0,0.0,3,0.0,0.0,0.0,0.0,5.0,5.0,3,0.0,1.0,1.0,2.0,1.0,2.0,1,2.0,0.0,0.0,0.0,3.0,0.0,3,0.0,1.0,1.0,2.0,1.0,2.0,1,2.0,0.0,0.0,0.0,3.0,0.0,3,0.0,0.0,0.0,0.0,3.0,0.0,3,0.0,0
74,0,5.0,5.0,3,0,0,3.0,0.0,3.0,0,0,3.0,0.0,3.0,0,0,3.0,0.0,3.0,0,0,3.0,0.0,0.0,3.0,0,0,0.0,3.0,0.0,3.0,0,0,3.0,0.0,0.0,3.0,0,0,3.0,0.0,0.0,3.0,0,0,3.0,0.0,0.0,3.0,0,0,3.0,0.0,0.0,3.0,0,0,1,2,0,3,0,0,3.0,0.0,0.0,3.0,0,0,3.0,0.0,0.0,3.0,0,0,1,2,0,3,0,0,3.0,0.0,0.0,3.0,0,0,3.0,0.0,0.0,3.0,0,0,3.0,0.0,0.0,3.0,0,0,1,2,0,3,0,0,3.0,0.0,0.0,3.0,0,0,3.0,0.0,0.0,3.0,0,0,1,2,0,3,0,0,3.0,0.0,0.0,3.0,0,0,3.0,0.0,0.0,3.0,0,0,2.0,1.0,5.0,3.0,0,0,2.0,1.0,5.0,3.0,0,0,2.0,1.0,5.0,3.0,0,0,2.0,1.0,5.0,3.0,0,0,3.0,0.0,0.0,3.0,0,0,3.0,0.0,0.0,3.0,0,0,1.0,2.0,0.0,3.0,0,0,5.0,5.0,3.0,0,0,3.0,0.0,3.0,0,1.0,PFD,1.0,2.0,0.0,2.0,1.0,0.0,0.0,0.0,3.0,0.0,3,0.0,0.0,0.0,0.0,3.0,0.0,3,0.0,0.0,0.0,0.0,3.0,0.0,3,0.0,0.0,0.0,0.0,3.0,0.0,3,0.0,0.0,0.0,0.0,3.0,0.0,3,0.0,0.0,0.0,0.0,3.0,0.0,3,0.0,0.0,0.0,0.0,3.0,0.0,3,0.0,0.0,0.0,0.0,3.0,0.0,3,0.0,0.0,0.0,0.0,3.0,0.0,3,0.0,0.0,0.0,0.0,3.0,0.0,3,0.0,0.0,0.0,0.0,3.0,0.0,3,0.0,0.0,0.0,0.0,3.0,0.0,3,0.0,1.0,5.0,5.0,5.0,5.0,5,5.0,0.0,0.0,0.0,3.0,0.0,3,0.0,0.0,0.0,0.0,3.0,0.0,3,0.0,0.0,0.0,0.0,3.0,0.0,3,0.0,0.0,0.0,0.0,3.0,0.0,3,0.0,0
75,0,3.0,0.0,3,0,0,3.0,0.0,3.0,0,0,3.0,0.0,3.0,0,0,3.0,0.0,3.0,0,0,3.0,0.0,0.0,3.0,0,0,0.0,3.0,0.0,3.0,0,0,3.0,0.0,0.0,3.0,0,0,3.0,0.0,0.0,3.0,0,0,3.0,0.0,0.0,3.0,0,0,3.0,0.0,0.0,3.0,0,0,1,2,0,3,0,0,3.0,0.0,0.0,3.0,0,0,3.0,0.0,0.0,3.0,0,0,1,2,0,3,0,0,3.0,0.0,0.0,3.0,0,0,3.0,0.0,0.0,3.0,0,0,3.0,0.0,0.0,3.0,0,0,1,2,0,3,0,0,3.0,0.0,0.0,3.0,0,0,3.0,0.0,0.0,3.0,0,0,1,2,0,3,0,0,3.0,0.0,0.0,3.0,0,0,3.0,0.0,0.0,3.0,0,0,2.0,1.0,5.0,3.0,0,0,2.0,1.0,5.0,3.0,0,0,2.0,1.0,5.0,3.0,0,0,2.0,1.0,5.0,3.0,0,0,3.0,0.0,0.0,3.0,0,0,3.0,0.0,0.0,3.0,0,0,1.0,2.0,0.0,3.0,0,0,3.0,0.0,3.0,0,0,3.0,0.0,3.0,0,30.0,PFD,1.0,2.0,1.0,4.0,-1.0,0.0,0.0,0.0,3.0,0.0,3,0.0,1.0,1.0,2.0,1.0,2.0,1,2.0,1.0,1.0,2.0,1.0,2.0,1,2.0,1.0,1.0,2.0,1.0,2.0,1,2.0,0.0,0.0,0.0,3.0,0.0,3,0.0,0.0,0.0,0.0,3.0,0.0,3,0.0,0.0,0.0,0.0,3.0,0.0,3,0.0,0.0,0.0,0.0,3.0,0.0,3,0.0,1.0,5.0,5.0,3.0,0.0,3,0.0,0.0,0.0,0.0,3.0,0.0,3,0.0,0.0,1.0,2.0,1.0,2.0,3,0.0,0.0,0.0,0.0,3.0,0.0,3,0.0,0.0,0.0,0.0,3.0,0.0,3,0.0,0.0,0.0,0.0,3.0,0.0,3,0.0,0.0,0.0,0.0,3.0,0.0,3,0.0,0.0,0.0,0.0,3.0,0.0,3,0.0,0.0,0.0,0.0,3.0,0.0,3,0.0,0
76,0,5.0,5.0,3,0,0,3.0,0.0,3.0,0,0,3.0,0.0,3.0,0,0,3.0,0.0,3.0,0,0,3.0,0.0,0.0,3.0,0,0,0.0,5.0,5.0,3.0,0,0,3.0,0.0,0.0,3.0,0,0,3.0,0.0,0.0,3.0,0,0,3.0,0.0,0.0,3.0,0,0,5.0,5.0,0.0,3.0,0,0,1,2,0,3,0,0,3.0,0.0,0.0,3.0,0,0,3.0,0.0,0.0,3.0,0,0,1,2,0,3,0,0,3.0,0.0,0.0,3.0,0,0,3.0,0.0,0.0,3.0,0,0,3.0,0.0,0.0,3.0,0,0,2,1,1,4,-1,0,3.0,0.0,0.0,3.0,0,0,4.0,-1.0,1.0,4.0,-1,0,1,2,0,3,0,0,3.0,0.0,0.0,3.0,0,0,3.0,0.0,0.0,3.0,0,0,2.0,1.0,5.0,3.0,0,0,2.0,1.0,5.0,3.0,0,0,2.0,1.0,5.0,3.0,0,0,2.0,1.0,5.0,3.0,0,0,3.0,0.0,0.0,3.0,0,0,3.0,0.0,0.0,3.0,0,0,1.0,2.0,0.0,3.0,0,0,5.0,5.0,3.0,0,1,1.0,2.0,1.0,2,41.0,PFD,0.0,0.0,1.0,4.0,-1.0,0.0,0.0,0.0,3.0,0.0,3,0.0,1.0,3.0,0.0,3.0,0.0,3,0.0,0.0,0.0,0.0,3.0,0.0,3,0.0,0.0,0.0,0.0,3.0,0.0,3,0.0,0.0,0.0,0.0,5.0,5.0,3,0.0,0.0,0.0,0.0,3.0,0.0,3,0.0,0.0,0.0,0.0,3.0,0.0,3,0.0,0.0,0.0,0.0,3.0,0.0,3,0.0,0.0,0.0,0.0,6.0,6.0,4,-1.0,0.0,0.0,0.0,3.0,0.0,3,0.0,0.0,0.0,0.0,3.0,0.0,3,0.0,0.0,0.0,0.0,6.0,6.0,4,-1.0,0.0,0.0,0.0,3.0,0.0,3,0.0,0.0,0.0,0.0,3.0,0.0,3,0.0,0.0,0.0,0.0,3.0,0.0,3,0.0,0.0,0.0,0.0,3.0,0.0,3,0.0,0.0,0.0,0.0,3.0,0.0,3,0.0,0
77,0,5.0,5.0,3,0,0,3.0,0.0,3.0,0,0,3.0,0.0,3.0,0,0,3.0,0.0,3.0,0,0,3.0,0.0,0.0,3.0,0,0,0.0,5.0,5.0,3.0,0,0,3.0,0.0,0.0,3.0,0,1,1.0,2.0,0.0,1.0,2,0,3.0,0.0,0.0,3.0,0,0,3.0,0.0,0.0,3.0,0,0,1,2,0,3,0,0,3.0,0.0,0.0,3.0,0,0,3.0,0.0,0.0,3.0,0,0,1,2,0,3,0,0,3.0,0.0,0.0,3.0,0,0,3.0,0.0,0.0,3.0,0,0,2.0,1.0,5.0,3.0,0,0,5,5,5,3,0,0,2.0,1.0,5.0,3.0,0,0,2.0,1.0,5.0,3.0,0,0,5,5,5,3,0,0,2.0,1.0,5.0,3.0,0,0,2.0,1.0,5.0,3.0,0,0,2.0,1.0,5.0,3.0,0,0,2.0,1.0,5.0,3.0,0,0,2.0,1.0,5.0,3.0,0,0,2.0,1.0,5.0,3.0,0,0,2.0,1.0,5.0,3.0,0,0,2.0,1.0,5.0,3.0,0,0,1.0,2.0,0.0,3.0,0,0,3.0,0.0,3.0,0,0,3.0,0.0,3.0,0,49.0,PFD,1.0,1.0,0.0,1.0,2.0,0.0,0.0,0.0,3.0,0.0,3,0.0,0.0,0.0,0.0,3.0,0.0,3,0.0,0.0,0.0,0.0,3.0,0.0,3,0.0,0.0,0.0,0.0,3.0,0.0,3,0.0,0.0,0.0,0.0,3.0,0.0,3,0.0,0.0,0.0,0.0,3.0,0.0,3,0.0,0.0,0.0,0.0,3.0,0.0,3,0.0,0.0,0.0,0.0,3.0,0.0,3,0.0,0.0,0.0,0.0,1.0,2.0,3,0.0,0.0,0.0,0.0,3.0,0.0,3,0.0,0.0,0.0,0.0,3.0,0.0,3,0.0,0.0,0.0,0.0,3.0,0.0,3,0.0,0.0,0.0,0.0,3.0,0.0,3,0.0,0.0,0.0,0.0,3.0,0.0,3,0.0,0.0,0.0,0.0,3.0,0.0,3,0.0,0.0,0.0,0.0,3.0,0.0,3,0.0,0.0,0.0,0.0,3.0,0.0,3,0.0,0
78,0,3.0,0.0,3,0,0,5.0,5.0,3.0,0,0,5.0,5.0,3.0,0,0,5.0,5.0,3.0,0,0,5.0,5.0,5.0,3.0,0,0,5.0,5.0,5.0,3.0,0,0,5.0,5.0,5.0,3.0,0,0,5.0,5.0,5.0,3.0,0,0,5.0,5.0,5.0,3.0,0,0,5.0,5.0,5.0,3.0,0,0,5,5,5,3,0,0,5.0,5.0,5.0,3.0,0,0,5.0,5.0,5.0,3.0,0,0,5,5,5,3,0,0,5.0,5.0,5.0,3.0,0,0,5.0,5.0,5.0,3.0,0,0,5.0,5.0,5.0,3.0,0,0,5,5,5,3,0,0,5.0,5.0,5.0,3.0,0,0,5.0,5.0,5.0,3.0,0,0,5,5,5,3,0,0,5.0,5.0,5.0,3.0,0,0,5.0,5.0,5.0,3.0,0,0,5.0,5.0,5.0,3.0,0,0,5.0,5.0,5.0,3.0,0,0,5.0,5.0,5.0,3.0,0,0,5.0,5.0,5.0,3.0,0,0,5.0,5.0,5.0,3.0,0,0,5.0,5.0,5.0,3.0,0,0,5.0,5.0,5.0,3.0,0,0,5.0,5.0,3.0,0,0,5.0,5.0,3.0,0,49.0,PFD,0.0,0.0,5.0,3.0,0.0,0.0,0.0,0.0,5.0,5.0,3,0.0,0.0,0.0,0.0,5.0,5.0,3,0.0,0.0,0.0,0.0,5.0,5.0,3,0.0,0.0,0.0,0.0,5.0,5.0,3,0.0,0.0,0.0,0.0,5.0,5.0,3,0.0,0.0,0.0,0.0,5.0,5.0,3,0.0,0.0,0.0,0.0,5.0,5.0,3,0.0,0.0,0.0,0.0,5.0,5.0,3,0.0,1.0,5.0,5.0,5.0,5.0,5,5.0,0.0,0.0,0.0,5.0,5.0,3,0.0,0.0,0.0,0.0,5.0,5.0,3,0.0,0.0,0.0,0.0,5.0,5.0,3,0.0,0.0,0.0,0.0,5.0,5.0,3,0.0,0.0,0.0,0.0,5.0,5.0,3,0.0,0.0,0.0,0.0,5.0,5.0,3,0.0,0.0,0.0,0.0,5.0,5.0,3,0.0,0.0,0.0,0.0,5.0,5.0,3,0.0,0
79,0,3.0,0.0,3,0,0,3.0,0.0,3.0,0,0,3.0,0.0,3.0,0,0,3.0,0.0,3.0,0,0,3.0,0.0,0.0,3.0,0,0,0.0,3.0,0.0,3.0,0,0,3.0,0.0,0.0,3.0,0,0,3.0,0.0,0.0,3.0,0,0,3.0,0.0,0.0,3.0,0,0,3.0,0.0,0.0,3.0,0,0,5,5,5,3,0,0,2.0,1.0,5.0,3.0,0,0,2.0,1.0,5.0,3.0,0,0,5,5,5,3,0,0,2.0,1.0,5.0,3.0,0,0,2.0,1.0,5.0,3.0,0,0,2.0,1.0,5.0,3.0,0,0,5,5,5,3,0,0,2.0,1.0,5.0,3.0,0,0,2.0,1.0,5.0,3.0,0,0,5,5,5,3,0,0,2.0,1.0,5.0,3.0,0,0,2.0,1.0,5.0,3.0,0,0,2.0,1.0,5.0,3.0,0,0,2.0,1.0,5.0,3.0,0,0,2.0,1.0,5.0,3.0,0,0,2.0,1.0,5.0,3.0,0,0,2.0,1.0,5.0,3.0,0,0,2.0,1.0,5.0,3.0,0,0,5.0,5.0,0.0,3.0,0,0,5.0,5.0,3.0,0,0,3.0,0.0,3.0,0,14.0,PFD,0.0,0.0,0.0,3.0,0.0,0.0,0.0,0.0,3.0,0.0,3,0.0,1.0,1.0,2.0,1.0,2.0,1,2.0,0.0,0.0,0.0,3.0,0.0,3,0.0,0.0,0.0,0.0,3.0,0.0,3,0.0,0.0,0.0,0.0,3.0,0.0,3,0.0,0.0,0.0,0.0,3.0,0.0,3,0.0,0.0,0.0,0.0,3.0,0.0,3,0.0,0.0,0.0,0.0,3.0,0.0,3,0.0,0.0,0.0,0.0,3.0,0.0,3,0.0,0.0,0.0,0.0,3.0,0.0,3,0.0,0.0,0.0,0.0,3.0,0.0,3,0.0,0.0,0.0,0.0,3.0,0.0,3,0.0,0.0,0.0,0.0,3.0,0.0,3,0.0,0.0,0.0,0.0,3.0,0.0,3,0.0,0.0,0.0,0.0,3.0,0.0,3,0.0,0.0,0.0,0.0,3.0,0.0,3,0.0,0.0,0.0,0.0,3.0,0.0,3,0.0,0
80,0,5.0,5.0,3,0,0,3.0,0.0,3.0,0,0,3.0,0.0,3.0,0,0,3.0,0.0,3.0,0,0,3.0,0.0,0.0,3.0,0,0,0.0,5.0,5.0,3.0,0,0,3.0,0.0,0.0,3.0,0,0,3.0,0.0,0.0,3.0,0,0,3.0,0.0,0.0,3.0,0,0,3.0,0.0,0.0,3.0,0,0,1,2,0,3,0,0,3.0,0.0,0.0,3.0,0,0,3.0,0.0,0.0,3.0,0,0,1,2,0,3,0,0,3.0,0.0,0.0,3.0,0,0,3.0,0.0,0.0,3.0,0,0,3.0,0.0,0.0,3.0,0,0,1,2,0,3,0,0,3.0,0.0,0.0,3.0,0,0,3.0,0.0,0.0,3.0,0,0,1,2,0,3,0,0,3.0,0.0,0.0,3.0,0,0,3.0,0.0,0.0,3.0,0,0,2.0,1.0,5.0,3.0,0,0,2.0,1.0,5.0,3.0,0,0,2.0,1.0,5.0,3.0,0,0,2.0,1.0,5.0,3.0,0,0,3.0,0.0,0.0,3.0,0,0,3.0,0.0,0.0,3.0,0,0,1.0,2.0,0.0,3.0,0,0,3.0,0.0,3.0,0,0,3.0,0.0,3.0,0,14.0,PFD,1.0,4.0,0.0,4.0,-1.0,0.0,0.0,0.0,3.0,0.0,3,0.0,0.0,0.0,0.0,6.0,6.0,4,-1.0,0.0,0.0,0.0,3.0,0.0,3,0.0,0.0,0.0,0.0,3.0,0.0,3,0.0,0.0,0.0,0.0,3.0,0.0,3,0.0,0.0,0.0,0.0,3.0,0.0,3,0.0,0.0,0.0,0.0,3.0,0.0,3,0.0,0.0,0.0,0.0,3.0,0.0,3,0.0,0.0,0.0,0.0,3.0,0.0,3,0.0,0.0,0.0,0.0,3.0,0.0,3,0.0,0.0,0.0,0.0,3.0,0.0,3,0.0,0.0,0.0,0.0,3.0,0.0,3,0.0,0.0,0.0,0.0,3.0,0.0,3,0.0,0.0,0.0,0.0,6.0,6.0,4,-1.0,0.0,0.0,0.0,3.0,0.0,3,0.0,0.0,0.0,0.0,3.0,0.0,3,0.0,0.0,0.0,0.0,3.0,0.0,3,0.0,0
81,0,5.0,5.0,3,0,0,5.0,5.0,3.0,0,0,3.0,0.0,3.0,0,0,3.0,0.0,3.0,0,0,3.0,0.0,0.0,3.0,0,0,0.0,5.0,5.0,3.0,0,0,1.0,2.0,0.0,3.0,0,0,5.0,5.0,0.0,3.0,0,0,5.0,5.0,0.0,3.0,0,0,5.0,5.0,0.0,3.0,0,0,1,2,0,3,0,0,3.0,0.0,0.0,3.0,0,0,3.0,0.0,0.0,3.0,0,0,1,2,0,3,0,0,3.0,0.0,0.0,3.0,0,0,3.0,0.0,0.0,3.0,0,0,3.0,0.0,0.0,3.0,0,0,1,2,0,3,0,0,3.0,0.0,0.0,3.0,0,0,3.0,0.0,0.0,3.0,0,0,1,2,0,3,0,0,3.0,0.0,0.0,3.0,0,0,3.0,0.0,0.0,3.0,0,0,2.0,1.0,5.0,3.0,0,0,2.0,1.0,5.0,3.0,0,0,2.0,1.0,5.0,3.0,0,0,2.0,1.0,5.0,3.0,0,0,3.0,0.0,0.0,3.0,0,0,3.0,0.0,0.0,3.0,0,0,1.0,2.0,0.0,3.0,0,0,3.0,0.0,3.0,0,0,3.0,0.0,3.0,0,14.0,PFD,1.0,1.0,0.0,1.0,2.0,0.0,0.0,0.0,3.0,0.0,3,0.0,0.0,0.0,0.0,1.0,2.0,3,0.0,0.0,0.0,0.0,3.0,0.0,3,0.0,1.0,3.0,0.0,3.0,0.0,3,0.0,0.0,0.0,0.0,3.0,0.0,3,0.0,0.0,0.0,0.0,3.0,0.0,3,0.0,0.0,0.0,0.0,3.0,0.0,3,0.0,1.0,1.0,2.0,1.0,2.0,1,2.0,1.0,4.0,-1.0,4.0,-1.0,4,-1.0,1.0,1.0,2.0,1.0,2.0,1,2.0,0.0,0.0,0.0,3.0,0.0,3,0.0,0.0,0.0,0.0,3.0,0.0,3,0.0,1.0,1.0,2.0,1.0,2.0,1,2.0,0.0,0.0,0.0,3.0,0.0,3,0.0,0.0,0.0,0.0,3.0,0.0,3,0.0,0.0,0.0,0.0,3.0,0.0,3,0.0,0.0,0.0,0.0,3.0,0.0,3,0.0,0
82,0,5.0,5.0,3,0,0,3.0,0.0,3.0,0,0,3.0,0.0,3.0,0,0,3.0,0.0,3.0,0,0,3.0,0.0,0.0,3.0,0,0,0.0,5.0,5.0,3.0,0,0,3.0,0.0,0.0,3.0,0,0,3.0,0.0,0.0,3.0,0,0,3.0,0.0,0.0,3.0,0,0,3.0,0.0,0.0,3.0,0,1,1,2,0,1,2,1,1.0,2.0,0.0,1.0,2,0,3.0,0.0,0.0,3.0,0,0,1,2,0,3,0,0,3.0,0.0,0.0,3.0,0,0,3.0,0.0,0.0,3.0,0,0,3.0,0.0,0.0,3.0,0,1,5,5,0,5,5,1,1.0,2.0,0.0,1.0,2,0,2.0,1.0,0.0,3.0,0,0,1,2,0,3,0,0,3.0,0.0,0.0,3.0,0,0,3.0,0.0,0.0,3.0,0,0,2.0,1.0,5.0,3.0,0,0,2.0,1.0,5.0,3.0,0,0,2.0,1.0,5.0,3.0,0,0,2.0,1.0,5.0,3.0,0,0,3.0,0.0,0.0,3.0,0,0,5.0,5.0,0.0,3.0,0,0,1.0,2.0,0.0,3.0,0,0,3.0,0.0,3.0,0,0,3.0,0.0,3.0,0,14.0,PFD,1.0,1.0,0.0,1.0,2.0,0.0,0.0,0.0,3.0,0.0,3,0.0,1.0,2.0,1.0,2.0,1.0,2,1.0,1.0,3.0,0.0,3.0,0.0,3,0.0,1.0,2.0,1.0,2.0,1.0,2,1.0,0.0,0.0,0.0,3.0,0.0,3,0.0,0.0,0.0,0.0,3.0,0.0,3,0.0,0.0,0.0,0.0,3.0,0.0,3,0.0,0.0,0.0,0.0,3.0,0.0,3,0.0,1.0,1.0,2.0,1.0,2.0,1,2.0,1.0,1.0,2.0,1.0,2.0,1,2.0,0.0,0.0,0.0,3.0,0.0,3,0.0,1.0,2.0,1.0,2.0,1.0,2,1.0,0.0,0.0,0.0,3.0,0.0,3,0.0,0.0,0.0,0.0,5.0,5.0,3,0.0,0.0,0.0,0.0,3.0,0.0,3,0.0,0.0,0.0,0.0,3.0,0.0,3,0.0,0.0,0.0,0.0,3.0,0.0,3,0.0,0
83,0,5.0,5.0,3,0,0,5.0,5.0,3.0,0,0,3.0,0.0,3.0,0,0,3.0,0.0,3.0,0,0,5.0,5.0,0.0,3.0,0,0,0.0,5.0,5.0,3.0,0,0,1.0,2.0,0.0,3.0,0,0,5.0,5.0,0.0,3.0,0,0,3.0,0.0,0.0,3.0,0,0,5.0,5.0,0.0,3.0,0,0,5,5,5,3,0,0,2.0,1.0,5.0,3.0,0,0,2.0,1.0,5.0,3.0,0,0,5,5,5,3,0,0,2.0,1.0,5.0,3.0,0,0,2.0,1.0,5.0,3.0,0,0,2.0,1.0,5.0,3.0,0,0,5,5,5,3,0,0,2.0,1.0,5.0,3.0,0,0,2.0,1.0,5.0,3.0,0,0,5,5,5,3,0,0,2.0,1.0,5.0,3.0,0,0,2.0,1.0,5.0,3.0,0,0,2.0,1.0,5.0,3.0,0,0,2.0,1.0,5.0,3.0,0,0,2.0,1.0,5.0,3.0,0,0,2.0,1.0,5.0,3.0,0,0,2.0,1.0,5.0,3.0,0,0,2.0,1.0,5.0,3.0,0,0,5.0,5.0,0.0,3.0,0,0,5.0,5.0,3.0,0,0,5.0,5.0,3.0,0,14.0,PFD,0.0,0.0,1.0,4.0,-1.0,0.0,0.0,0.0,3.0,0.0,3,0.0,1.0,2.0,1.0,2.0,1.0,2,1.0,0.0,0.0,0.0,3.0,0.0,3,0.0,0.0,0.0,0.0,3.0,0.0,3,0.0,0.0,0.0,0.0,3.0,0.0,3,0.0,0.0,0.0,0.0,3.0,0.0,3,0.0,0.0,0.0,0.0,3.0,0.0,3,0.0,0.0,0.0,0.0,3.0,0.0,3,0.0,0.0,0.0,0.0,3.0,0.0,3,0.0,1.0,2.0,1.0,2.0,1.0,2,1.0,0.0,0.0,0.0,3.0,0.0,3,0.0,1.0,1.0,2.0,1.0,2.0,1,2.0,0.0,0.0,0.0,3.0,0.0,3,0.0,0.0,0.0,0.0,3.0,0.0,3,0.0,0.0,0.0,0.0,3.0,0.0,3,0.0,0.0,0.0,0.0,3.0,0.0,3,0.0,0.0,0.0,0.0,3.0,0.0,3,0.0,0
84,0,5.0,5.0,3,0,0,5.0,5.0,3.0,0,0,3.0,0.0,3.0,0,0,3.0,0.0,3.0,0,0,3.0,0.0,0.0,3.0,0,0,0.0,3.0,0.0,3.0,0,0,1.0,2.0,0.0,3.0,0,0,5.0,5.0,0.0,3.0,0,0,3.0,0.0,0.0,3.0,0,0,3.0,0.0,0.0,3.0,0,0,1,2,0,3,0,0,3.0,0.0,0.0,3.0,0,0,3.0,0.0,0.0,3.0,0,0,1,2,0,3,0,0,3.0,0.0,0.0,3.0,0,0,3.0,0.0,0.0,3.0,0,0,3.0,0.0,0.0,3.0,0,1,2,1,0,2,1,1,3.0,0.0,0.0,3.0,0,0,3.0,0.0,0.0,3.0,0,0,1,2,0,3,0,0,3.0,0.0,0.0,3.0,0,0,3.0,0.0,0.0,3.0,0,0,2.0,1.0,5.0,3.0,0,0,2.0,1.0,5.0,3.0,0,0,2.0,1.0,5.0,3.0,0,0,2.0,1.0,5.0,3.0,0,0,3.0,0.0,0.0,3.0,0,0,3.0,0.0,0.0,3.0,0,0,1.0,2.0,0.0,3.0,0,0,3.0,0.0,3.0,0,0,3.0,0.0,3.0,0,43.0,PFDD,0.0,0.0,0.0,3.0,0.0,0.0,0.0,0.0,3.0,0.0,3,0.0,1.0,3.0,0.0,3.0,0.0,3,0.0,0.0,3.0,0.0,3.0,0.0,3,0.0,0.0,0.0,0.0,3.0,0.0,3,0.0,0.0,0.0,0.0,3.0,0.0,3,0.0,0.0,0.0,0.0,3.0,0.0,3,0.0,0.0,0.0,0.0,3.0,0.0,3,0.0,0.0,0.0,0.0,3.0,0.0,3,0.0,1.0,1.0,2.0,1.0,2.0,1,2.0,1.0,3.0,0.0,3.0,0.0,3,0.0,0.0,0.0,0.0,3.0,0.0,3,0.0,0.0,4.0,-1.0,3.0,0.0,4,-1.0,0.0,0.0,0.0,3.0,0.0,3,0.0,0.0,0.0,0.0,3.0,0.0,3,0.0,0.0,0.0,0.0,3.0,0.0,3,0.0,0.0,0.0,0.0,3.0,0.0,3,0.0,0.0,0.0,0.0,3.0,0.0,3,0.0,0
85,0,5.0,5.0,3,0,0,3.0,0.0,3.0,0,0,3.0,0.0,3.0,0,0,3.0,0.0,3.0,0,0,3.0,0.0,0.0,3.0,0,0,0.0,5.0,5.0,3.0,0,0,1.0,2.0,0.0,3.0,0,0,3.0,0.0,0.0,3.0,0,0,3.0,0.0,0.0,3.0,0,0,5.0,5.0,0.0,3.0,0,0,1,2,0,3,0,0,3.0,0.0,0.0,3.0,0,0,3.0,0.0,0.0,3.0,0,0,1,2,0,3,0,0,3.0,0.0,0.0,3.0,0,0,3.0,0.0,0.0,3.0,0,0,3.0,0.0,0.0,3.0,0,0,1,2,0,3,0,0,3.0,0.0,0.0,3.0,0,0,3.0,0.0,0.0,3.0,0,0,1,2,0,3,0,0,3.0,0.0,0.0,3.0,0,0,3.0,0.0,0.0,3.0,0,0,2.0,1.0,5.0,3.0,0,0,2.0,1.0,5.0,3.0,0,0,2.0,1.0,5.0,3.0,0,0,2.0,1.0,5.0,3.0,0,0,3.0,0.0,0.0,3.0,0,0,3.0,0.0,0.0,3.0,0,0,1.0,2.0,0.0,3.0,0,0,3.0,0.0,3.0,0,0,3.0,0.0,3.0,0,1.0,PFD,0.0,0.0,0.0,3.0,0.0,0.0,0.0,0.0,3.0,0.0,3,0.0,0.0,0.0,0.0,3.0,0.0,3,0.0,0.0,0.0,0.0,3.0,0.0,3,0.0,0.0,0.0,0.0,3.0,0.0,3,0.0,0.0,0.0,0.0,3.0,0.0,3,0.0,0.0,0.0,0.0,3.0,0.0,3,0.0,0.0,0.0,0.0,3.0,0.0,3,0.0,0.0,0.0,0.0,3.0,0.0,3,0.0,0.0,0.0,0.0,3.0,0.0,3,0.0,0.0,0.0,0.0,3.0,0.0,3,0.0,0.0,0.0,0.0,3.0,0.0,3,0.0,0.0,0.0,0.0,3.0,0.0,3,0.0,0.0,0.0,0.0,3.0,0.0,3,0.0,0.0,0.0,0.0,3.0,0.0,3,0.0,0.0,0.0,0.0,3.0,0.0,3,0.0,0.0,0.0,0.0,3.0,0.0,3,0.0,0.0,0.0,0.0,3.0,0.0,3,0.0,1
86,0,3.0,0.0,3,0,0,3.0,0.0,3.0,0,0,3.0,0.0,3.0,0,0,3.0,0.0,3.0,0,0,3.0,0.0,0.0,3.0,0,0,0.0,3.0,0.0,3.0,0,0,3.0,0.0,0.0,3.0,0,0,3.0,0.0,0.0,3.0,0,0,3.0,0.0,0.0,3.0,0,0,3.0,0.0,0.0,3.0,0,0,1,2,0,3,0,0,3.0,0.0,0.0,3.0,0,0,3.0,0.0,0.0,3.0,0,0,1,2,0,3,0,0,3.0,0.0,0.0,3.0,0,0,3.0,0.0,0.0,3.0,0,0,3.0,0.0,0.0,3.0,0,0,5,5,5,3,0,0,2.0,1.0,5.0,3.0,0,0,2.0,1.0,5.0,3.0,0,0,5,5,5,3,0,0,2.0,1.0,5.0,3.0,0,0,2.0,1.0,5.0,3.0,0,0,2.0,1.0,5.0,3.0,0,0,2.0,1.0,5.0,3.0,0,0,2.0,1.0,5.0,3.0,0,0,2.0,1.0,5.0,3.0,0,0,3.0,0.0,0.0,3.0,0,0,5.0,5.0,0.0,3.0,0,0,1.0,2.0,0.0,3.0,0,0,5.0,5.0,3.0,0,1,5.0,5.0,5.0,5,42.0,PFDD,0.0,0.0,0.0,3.0,0.0,0.0,0.0,0.0,3.0,0.0,3,0.0,1.0,1.0,2.0,1.0,2.0,1,2.0,0.0,0.0,0.0,3.0,0.0,3,0.0,0.0,0.0,0.0,3.0,0.0,3,0.0,0.0,0.0,0.0,3.0,0.0,3,0.0,0.0,0.0,0.0,3.0,0.0,3,0.0,0.0,0.0,0.0,3.0,0.0,3,0.0,0.0,0.0,0.0,3.0,0.0,3,0.0,0.0,0.0,0.0,3.0,0.0,3,0.0,0.0,0.0,0.0,3.0,0.0,3,0.0,0.0,0.0,0.0,3.0,0.0,3,0.0,0.0,0.0,0.0,3.0,0.0,3,0.0,0.0,0.0,0.0,3.0,0.0,3,0.0,0.0,0.0,0.0,3.0,0.0,3,0.0,0.0,0.0,0.0,3.0,0.0,3,0.0,0.0,0.0,0.0,3.0,0.0,3,0.0,0.0,0.0,0.0,3.0,0.0,3,0.0,0
87,0,5.0,5.0,3,0,0,5.0,5.0,3.0,0,0,5.0,5.0,3.0,0,0,5.0,5.0,3.0,0,0,5.0,5.0,0.0,3.0,0,0,0.0,5.0,5.0,3.0,0,0,1.0,2.0,0.0,3.0,0,0,5.0,5.0,0.0,3.0,0,0,5.0,5.0,0.0,3.0,0,0,5.0,5.0,0.0,3.0,0,0,1,2,0,3,0,0,3.0,0.0,0.0,3.0,0,0,3.0,0.0,0.0,3.0,0,0,1,2,0,3,0,0,3.0,0.0,0.0,3.0,0,0,3.0,0.0,0.0,3.0,0,0,3.0,0.0,0.0,3.0,0,0,1,2,0,3,0,0,3.0,0.0,0.0,3.0,0,0,3.0,0.0,0.0,3.0,0,0,1,2,0,3,0,0,3.0,0.0,5.0,3.0,0,0,3.0,0.0,0.0,3.0,0,0,3.0,0.0,0.0,3.0,0,0,3.0,0.0,0.0,3.0,0,0,3.0,0.0,0.0,3.0,0,0,3.0,0.0,0.0,3.0,0,0,3.0,0.0,0.0,3.0,0,0,3.0,0.0,0.0,3.0,0,0,1.0,2.0,0.0,3.0,0,0,5.0,5.0,3.0,0,0,3.0,0.0,3.0,0,17.0,PFD,0.0,0.0,0.0,3.0,0.0,0.0,0.0,0.0,3.0,0.0,3,0.0,0.0,0.0,0.0,3.0,0.0,3,0.0,0.0,0.0,0.0,3.0,0.0,3,0.0,0.0,0.0,0.0,3.0,0.0,3,0.0,0.0,0.0,0.0,3.0,0.0,3,0.0,0.0,0.0,0.0,3.0,0.0,3,0.0,0.0,0.0,0.0,3.0,0.0,3,0.0,0.0,0.0,0.0,3.0,0.0,3,0.0,0.0,0.0,0.0,3.0,0.0,3,0.0,0.0,0.0,0.0,3.0,0.0,3,0.0,0.0,0.0,0.0,3.0,0.0,3,0.0,0.0,0.0,0.0,3.0,0.0,3,0.0,0.0,0.0,0.0,3.0,0.0,3,0.0,0.0,0.0,0.0,3.0,0.0,3,0.0,0.0,0.0,0.0,3.0,0.0,3,0.0,0.0,0.0,0.0,3.0,0.0,3,0.0,0.0,0.0,0.0,3.0,0.0,3,0.0,1
88,0,5.0,5.0,3,0,0,3.0,0.0,3.0,0,0,3.0,0.0,3.0,0,0,3.0,0.0,3.0,0,0,3.0,0.0,0.0,3.0,0,0,0.0,3.0,0.0,3.0,0,0,3.0,0.0,0.0,3.0,0,0,3.0,0.0,0.0,3.0,0,0,3.0,0.0,0.0,3.0,0,0,3.0,0.0,0.0,3.0,0,0,1,2,0,3,0,0,3.0,0.0,0.0,3.0,0,0,3.0,0.0,0.0,3.0,0,0,1,2,0,3,0,0,3.0,0.0,0.0,3.0,0,0,3.0,0.0,0.0,3.0,0,0,3.0,0.0,0.0,3.0,0,0,1,2,0,3,0,0,3.0,0.0,0.0,3.0,0,0,3.0,0.0,0.0,3.0,0,0,1,2,0,3,0,0,3.0,0.0,0.0,3.0,0,0,3.0,0.0,0.0,3.0,0,0,2.0,1.0,5.0,3.0,0,0,2.0,1.0,5.0,3.0,0,0,2.0,1.0,5.0,3.0,0,0,2.0,1.0,5.0,3.0,0,0,3.0,0.0,0.0,3.0,0,0,3.0,0.0,0.0,3.0,0,0,5.0,5.0,0.0,3.0,0,0,5.0,5.0,3.0,0,0,3.0,0.0,3.0,0,31.0,PFD,1.0,2.0,0.0,2.0,1.0,0.0,0.0,0.0,3.0,0.0,3,0.0,0.0,0.0,0.0,3.0,0.0,3,0.0,0.0,0.0,0.0,3.0,0.0,3,0.0,0.0,0.0,0.0,3.0,0.0,3,0.0,0.0,0.0,0.0,3.0,0.0,3,0.0,1.0,1.0,2.0,1.0,2.0,1,2.0,0.0,0.0,0.0,3.0,0.0,3,0.0,0.0,0.0,0.0,3.0,0.0,3,0.0,1.0,2.0,1.0,2.0,1.0,2,1.0,0.0,0.0,0.0,3.0,0.0,3,0.0,0.0,0.0,0.0,3.0,0.0,3,0.0,0.0,0.0,0.0,3.0,0.0,3,0.0,0.0,0.0,0.0,3.0,0.0,3,0.0,0.0,0.0,0.0,3.0,0.0,3,0.0,1.0,1.0,2.0,1.0,2.0,1,2.0,0.0,0.0,0.0,3.0,0.0,3,0.0,0.0,0.0,0.0,3.0,0.0,3,0.0,0
89,0,3.0,0.0,3,0,0,3.0,0.0,3.0,0,0,3.0,0.0,3.0,0,0,3.0,0.0,3.0,0,0,3.0,0.0,0.0,3.0,0,0,0.0,3.0,0.0,3.0,0,0,3.0,0.0,0.0,3.0,0,0,3.0,0.0,0.0,3.0,0,0,3.0,0.0,0.0,3.0,0,0,3.0,0.0,0.0,3.0,0,0,1,2,0,3,0,0,3.0,0.0,0.0,3.0,0,0,3.0,0.0,0.0,3.0,0,0,1,2,0,3,0,0,3.0,0.0,0.0,3.0,0,0,3.0,0.0,0.0,3.0,0,0,3.0,0.0,0.0,3.0,0,0,1,2,0,3,0,0,3.0,0.0,0.0,3.0,0,0,3.0,0.0,0.0,3.0,0,0,1,2,0,3,0,0,3.0,0.0,0.0,3.0,0,0,3.0,0.0,0.0,3.0,0,0,2.0,1.0,5.0,3.0,0,0,2.0,1.0,5.0,3.0,0,0,2.0,1.0,5.0,3.0,0,0,2.0,1.0,5.0,3.0,0,0,3.0,0.0,0.0,3.0,0,0,3.0,0.0,0.0,3.0,0,0,1.0,2.0,0.0,3.0,0,0,5.0,5.0,3.0,0,0,3.0,0.0,3.0,0,48.0,PFDD,0.0,0.0,0.0,3.0,0.0,0.0,0.0,0.0,3.0,0.0,3,0.0,0.0,0.0,0.0,3.0,0.0,3,0.0,0.0,0.0,0.0,3.0,0.0,3,0.0,0.0,0.0,0.0,3.0,0.0,3,0.0,0.0,0.0,0.0,3.0,0.0,3,0.0,0.0,0.0,0.0,3.0,0.0,3,0.0,0.0,0.0,0.0,3.0,0.0,3,0.0,0.0,0.0,0.0,3.0,0.0,3,0.0,0.0,0.0,0.0,3.0,0.0,3,0.0,0.0,0.0,0.0,6.0,6.0,4,-1.0,0.0,0.0,0.0,3.0,0.0,3,0.0,0.0,0.0,0.0,3.0,0.0,3,0.0,0.0,0.0,0.0,3.0,0.0,3,0.0,0.0,0.0,0.0,3.0,0.0,3,0.0,0.0,0.0,0.0,3.0,0.0,3,0.0,0.0,0.0,0.0,3.0,0.0,3,0.0,0.0,0.0,0.0,3.0,0.0,3,0.0,1
90,0,5.0,5.0,3,0,0,5.0,5.0,3.0,0,0,3.0,0.0,3.0,0,0,3.0,0.0,3.0,0,0,3.0,0.0,0.0,3.0,0,0,0.0,3.0,0.0,3.0,0,0,3.0,0.0,0.0,3.0,0,0,3.0,0.0,0.0,3.0,0,0,3.0,0.0,0.0,3.0,0,0,3.0,0.0,0.0,3.0,0,0,1,2,0,3,0,0,3.0,0.0,0.0,3.0,0,0,3.0,0.0,0.0,3.0,0,0,1,2,0,3,0,0,3.0,0.0,0.0,3.0,0,0,3.0,0.0,0.0,3.0,0,0,3.0,0.0,0.0,3.0,0,0,1,2,0,3,0,0,3.0,0.0,0.0,3.0,0,0,3.0,0.0,0.0,3.0,0,0,1,2,0,3,0,0,3.0,0.0,0.0,3.0,0,0,3.0,0.0,0.0,3.0,0,0,2.0,1.0,5.0,3.0,0,0,2.0,1.0,5.0,3.0,0,0,2.0,1.0,5.0,3.0,0,0,2.0,1.0,5.0,3.0,0,0,3.0,0.0,0.0,3.0,0,0,3.0,0.0,0.0,3.0,0,0,5.0,5.0,0.0,3.0,0,0,3.0,0.0,3.0,0,0,3.0,0.0,3.0,0,31.0,PFD,1.0,1.0,0.0,1.0,2.0,0.0,0.0,0.0,3.0,0.0,3,0.0,0.0,0.0,0.0,3.0,0.0,3,0.0,0.0,0.0,0.0,3.0,0.0,3,0.0,0.0,0.0,0.0,3.0,0.0,3,0.0,0.0,0.0,0.0,3.0,0.0,3,0.0,0.0,0.0,0.0,3.0,0.0,3,0.0,0.0,0.0,0.0,3.0,0.0,3,0.0,0.0,0.0,0.0,3.0,0.0,3,0.0,0.0,0.0,0.0,3.0,0.0,3,0.0,0.0,0.0,0.0,3.0,0.0,3,0.0,0.0,0.0,0.0,3.0,0.0,3,0.0,0.0,0.0,0.0,3.0,0.0,3,0.0,0.0,0.0,0.0,3.0,0.0,3,0.0,0.0,0.0,0.0,3.0,0.0,3,0.0,0.0,0.0,0.0,3.0,0.0,3,0.0,0.0,0.0,0.0,3.0,0.0,3,0.0,0.0,0.0,0.0,3.0,0.0,3,0.0,0
91,0,5.0,5.0,3,0,0,3.0,0.0,3.0,0,0,3.0,0.0,3.0,0,0,3.0,0.0,3.0,0,0,3.0,0.0,0.0,3.0,0,0,0.0,3.0,0.0,3.0,0,0,3.0,0.0,0.0,3.0,0,0,3.0,0.0,0.0,3.0,0,0,3.0,0.0,0.0,3.0,0,0,3.0,0.0,0.0,3.0,0,0,1,2,0,3,0,0,3.0,0.0,0.0,3.0,0,0,3.0,0.0,0.0,3.0,0,0,1,2,0,3,0,0,3.0,0.0,0.0,3.0,0,0,3.0,0.0,0.0,3.0,0,0,3.0,0.0,0.0,3.0,0,0,1,2,0,3,0,0,3.0,0.0,0.0,3.0,0,0,3.0,0.0,0.0,3.0,0,0,1,2,0,3,0,0,3.0,0.0,0.0,3.0,0,0,3.0,0.0,0.0,3.0,0,0,2.0,1.0,5.0,3.0,0,0,2.0,1.0,5.0,3.0,0,0,2.0,1.0,5.0,3.0,0,0,2.0,1.0,5.0,3.0,0,0,3.0,0.0,0.0,3.0,0,0,3.0,0.0,0.0,3.0,0,0,1.0,2.0,0.0,3.0,0,0,3.0,0.0,3.0,0,1,1.0,2.0,1.0,2,47.0,PFDD,0.0,0.0,0.0,3.0,0.0,0.0,0.0,0.0,3.0,0.0,3,0.0,0.0,0.0,0.0,3.0,0.0,3,0.0,0.0,0.0,0.0,3.0,0.0,3,0.0,0.0,0.0,0.0,1.0,2.0,3,0.0,0.0,0.0,0.0,3.0,0.0,3,0.0,0.0,0.0,0.0,3.0,0.0,3,0.0,0.0,0.0,0.0,3.0,0.0,3,0.0,0.0,0.0,0.0,3.0,0.0,3,0.0,0.0,0.0,0.0,3.0,0.0,3,0.0,0.0,0.0,0.0,3.0,0.0,3,0.0,0.0,0.0,0.0,3.0,0.0,3,0.0,0.0,0.0,0.0,3.0,0.0,3,0.0,0.0,0.0,0.0,3.0,0.0,3,0.0,0.0,0.0,0.0,3.0,0.0,3,0.0,1.0,2.0,1.0,2.0,1.0,2,1.0,0.0,0.0,0.0,3.0,0.0,3,0.0,0.0,0.0,0.0,3.0,0.0,3,0.0,0
92,0,3.0,0.0,3,0,0,3.0,0.0,3.0,0,0,3.0,0.0,3.0,0,0,3.0,0.0,3.0,0,0,3.0,0.0,0.0,3.0,0,0,0.0,3.0,0.0,3.0,0,0,3.0,0.0,0.0,3.0,0,0,3.0,0.0,0.0,3.0,0,0,3.0,0.0,0.0,3.0,0,0,3.0,0.0,0.0,3.0,0,0,1,2,0,3,0,0,3.0,0.0,0.0,3.0,0,0,3.0,0.0,0.0,3.0,0,0,1,2,0,3,0,0,3.0,0.0,0.0,3.0,0,0,3.0,0.0,0.0,3.0,0,0,3.0,0.0,0.0,3.0,0,0,1,2,0,3,0,0,3.0,0.0,0.0,3.0,0,0,3.0,0.0,0.0,3.0,0,0,1,2,0,3,0,0,3.0,0.0,0.0,3.0,0,0,3.0,0.0,0.0,3.0,0,0,2.0,1.0,5.0,3.0,0,0,2.0,1.0,5.0,3.0,0,0,2.0,1.0,5.0,3.0,0,0,2.0,1.0,5.0,3.0,0,0,3.0,0.0,0.0,3.0,0,0,3.0,0.0,0.0,3.0,0,0,1.0,2.0,0.0,3.0,0,0,3.0,0.0,3.0,0,0,3.0,0.0,3.0,0,37.0,PFDD,1.0,1.0,0.0,1.0,2.0,0.0,0.0,0.0,3.0,0.0,3,0.0,1.0,1.0,2.0,1.0,2.0,1,2.0,0.0,0.0,0.0,3.0,0.0,3,0.0,0.0,0.0,0.0,3.0,0.0,3,0.0,0.0,0.0,0.0,3.0,0.0,3,0.0,0.0,0.0,0.0,3.0,0.0,3,0.0,0.0,0.0,0.0,3.0,0.0,3,0.0,0.0,0.0,0.0,3.0,0.0,3,0.0,1.0,1.0,2.0,1.0,2.0,1,2.0,1.0,1.0,2.0,1.0,2.0,1,2.0,0.0,0.0,0.0,3.0,0.0,3,0.0,0.0,0.0,0.0,1.0,2.0,3,0.0,0.0,0.0,0.0,3.0,0.0,3,0.0,0.0,0.0,0.0,3.0,0.0,3,0.0,0.0,0.0,0.0,3.0,0.0,3,0.0,0.0,0.0,0.0,3.0,0.0,3,0.0,0.0,0.0,0.0,3.0,0.0,3,0.0,0
93,0,3.0,0.0,3,0,0,3.0,0.0,3.0,0,0,3.0,0.0,3.0,0,0,3.0,0.0,3.0,0,0,3.0,0.0,0.0,3.0,0,0,0.0,3.0,0.0,3.0,0,0,3.0,0.0,0.0,3.0,0,0,3.0,0.0,0.0,3.0,0,0,3.0,0.0,0.0,3.0,0,0,3.0,0.0,0.0,3.0,0,0,1,2,0,3,0,0,3.0,0.0,0.0,3.0,0,0,3.0,0.0,0.0,3.0,0,0,1,2,0,3,0,0,3.0,0.0,0.0,3.0,0,0,3.0,0.0,0.0,3.0,0,0,3.0,0.0,0.0,3.0,0,0,1,2,0,3,0,0,3.0,0.0,0.0,3.0,0,0,3.0,0.0,0.0,3.0,0,0,1,2,0,3,0,0,3.0,0.0,0.0,3.0,0,0,3.0,0.0,0.0,3.0,0,0,2.0,1.0,5.0,3.0,0,0,2.0,1.0,5.0,3.0,0,0,2.0,1.0,5.0,3.0,0,0,2.0,1.0,5.0,3.0,0,0,3.0,0.0,0.0,3.0,0,0,3.0,0.0,0.0,3.0,0,0,1.0,2.0,0.0,3.0,0,0,3.0,0.0,3.0,0,0,3.0,0.0,3.0,0,37.0,PFDD,1.0,4.0,0.0,4.0,-1.0,0.0,0.0,0.0,3.0,0.0,3,0.0,0.0,0.0,0.0,3.0,0.0,3,0.0,0.0,0.0,0.0,3.0,0.0,3,0.0,0.0,0.0,0.0,3.0,0.0,3,0.0,0.0,0.0,0.0,3.0,0.0,3,0.0,0.0,0.0,0.0,3.0,0.0,3,0.0,0.0,0.0,0.0,3.0,0.0,3,0.0,0.0,0.0,0.0,3.0,0.0,3,0.0,0.0,1.0,2.0,1.0,2.0,3,0.0,0.0,0.0,0.0,3.0,0.0,3,0.0,0.0,0.0,0.0,3.0,0.0,3,0.0,0.0,0.0,0.0,3.0,0.0,3,0.0,0.0,0.0,0.0,3.0,0.0,3,0.0,0.0,0.0,0.0,3.0,0.0,3,0.0,0.0,0.0,0.0,3.0,0.0,3,0.0,0.0,0.0,0.0,3.0,0.0,3,0.0,0.0,0.0,0.0,3.0,0.0,3,0.0,0
94,0,5.0,5.0,3,0,0,5.0,5.0,3.0,0,0,3.0,0.0,3.0,0,0,3.0,0.0,3.0,0,0,5.0,5.0,0.0,3.0,0,0,0.0,5.0,5.0,3.0,0,0,1.0,2.0,0.0,3.0,0,0,5.0,5.0,0.0,3.0,0,0,5.0,5.0,0.0,3.0,0,0,5.0,5.0,0.0,3.0,0,0,1,2,0,3,0,0,3.0,0.0,0.0,3.0,0,0,3.0,0.0,0.0,3.0,0,0,1,2,0,3,0,0,3.0,0.0,0.0,3.0,0,0,3.0,0.0,0.0,3.0,0,0,2.0,1.0,5.0,3.0,0,0,5,5,5,3,0,0,2.0,1.0,5.0,3.0,0,0,2.0,1.0,5.0,3.0,0,0,5,5,5,3,0,0,2.0,1.0,5.0,3.0,0,0,2.0,1.0,5.0,3.0,0,0,2.0,1.0,5.0,3.0,0,0,2.0,1.0,5.0,3.0,0,0,2.0,1.0,5.0,3.0,0,0,2.0,1.0,5.0,3.0,0,0,2.0,1.0,5.0,3.0,0,0,2.0,1.0,5.0,3.0,0,0,5.0,5.0,0.0,3.0,0,0,5.0,5.0,3.0,0,1,1.0,2.0,1.0,2,39.0,PFDD,0.0,0.0,0.0,3.0,0.0,0.0,0.0,0.0,3.0,0.0,3,0.0,1.0,2.0,1.0,2.0,1.0,2,1.0,0.0,0.0,0.0,3.0,0.0,3,0.0,0.0,0.0,0.0,3.0,0.0,3,0.0,0.0,0.0,0.0,3.0,0.0,3,0.0,0.0,0.0,0.0,3.0,0.0,3,0.0,0.0,0.0,0.0,3.0,0.0,3,0.0,0.0,0.0,0.0,3.0,0.0,3,0.0,0.0,0.0,0.0,3.0,0.0,3,0.0,0.0,0.0,0.0,3.0,0.0,3,0.0,0.0,0.0,0.0,3.0,0.0,3,0.0,0.0,0.0,0.0,3.0,0.0,3,0.0,0.0,0.0,0.0,3.0,0.0,3,0.0,0.0,0.0,0.0,3.0,0.0,3,0.0,1.0,2.0,1.0,2.0,1.0,2,1.0,1.0,2.0,1.0,2.0,1.0,2,1.0,0.0,0.0,0.0,3.0,0.0,3,0.0,0
95,0,5.0,5.0,3,0,0,3.0,0.0,3.0,0,0,3.0,0.0,3.0,0,0,3.0,0.0,3.0,0,0,3.0,0.0,0.0,3.0,0,0,0.0,5.0,5.0,3.0,0,0,1.0,2.0,0.0,3.0,0,0,5.0,5.0,0.0,3.0,0,0,5.0,5.0,0.0,3.0,0,0,5.0,5.0,0.0,3.0,0,0,1,2,0,3,0,0,3.0,0.0,0.0,3.0,0,0,3.0,0.0,0.0,3.0,0,0,1,2,0,3,0,0,3.0,0.0,0.0,3.0,0,0,3.0,0.0,0.0,3.0,0,0,3.0,0.0,0.0,3.0,0,0,1,2,0,3,0,0,3.0,0.0,0.0,3.0,0,0,3.0,0.0,0.0,3.0,0,0,1,2,0,3,0,0,3.0,0.0,0.0,3.0,0,0,3.0,0.0,0.0,3.0,0,0,2.0,1.0,5.0,3.0,0,0,2.0,1.0,5.0,3.0,0,0,2.0,1.0,5.0,3.0,0,0,2.0,1.0,5.0,3.0,0,0,3.0,0.0,0.0,3.0,0,0,3.0,0.0,0.0,3.0,0,0,5.0,5.0,0.0,3.0,0,0,5.0,5.0,3.0,0,0,5.0,5.0,3.0,0,31.0,PFD,1.0,1.0,0.0,1.0,2.0,1.0,1.0,2.0,5.0,5.0,1,2.0,1.0,2.0,1.0,5.0,5.0,2,1.0,1.0,1.0,2.0,5.0,5.0,1,2.0,1.0,1.0,2.0,5.0,5.0,1,2.0,0.0,0.0,0.0,3.0,0.0,3,0.0,0.0,0.0,0.0,3.0,0.0,3,0.0,0.0,0.0,0.0,3.0,0.0,3,0.0,0.0,0.0,0.0,3.0,0.0,3,0.0,1.0,1.0,2.0,5.0,5.0,1,2.0,1.0,1.0,2.0,5.0,5.0,1,2.0,0.0,0.0,0.0,3.0,0.0,3,0.0,0.0,0.0,0.0,3.0,0.0,3,0.0,0.0,0.0,0.0,3.0,0.0,3,0.0,0.0,0.0,0.0,6.0,6.0,4,-1.0,1.0,1.0,2.0,5.0,5.0,1,2.0,0.0,0.0,0.0,3.0,0.0,3,0.0,0.0,0.0,0.0,3.0,0.0,3,0.0,0
96,0,5.0,5.0,3,0,0,5.0,5.0,3.0,0,0,3.0,0.0,3.0,0,0,3.0,0.0,3.0,0,0,3.0,0.0,0.0,3.0,0,0,0.0,3.0,0.0,3.0,0,0,1.0,2.0,0.0,3.0,0,0,3.0,0.0,0.0,3.0,0,0,3.0,0.0,0.0,3.0,0,0,3.0,0.0,0.0,3.0,0,0,1,2,0,3,0,0,3.0,0.0,0.0,3.0,0,0,3.0,0.0,0.0,3.0,0,0,1,2,0,3,0,0,3.0,0.0,0.0,3.0,0,0,3.0,0.0,0.0,3.0,0,0,2.0,1.0,5.0,3.0,0,0,5,5,5,3,0,0,2.0,1.0,5.0,3.0,0,0,2.0,1.0,5.0,3.0,0,0,5,5,5,3,0,0,2.0,1.0,5.0,3.0,0,0,2.0,1.0,5.0,3.0,0,0,2.0,1.0,5.0,3.0,0,0,2.0,1.0,5.0,3.0,0,0,2.0,1.0,5.0,3.0,0,0,2.0,1.0,5.0,3.0,0,0,2.0,1.0,5.0,3.0,0,0,2.0,1.0,5.0,3.0,0,0,5.0,5.0,0.0,3.0,0,0,5.0,5.0,3.0,0,0,5.0,5.0,3.0,0,13.0,PFD,0.0,0.0,0.0,3.0,0.0,0.0,0.0,0.0,3.0,0.0,3,0.0,0.0,0.0,0.0,3.0,0.0,3,0.0,0.0,0.0,0.0,3.0,0.0,3,0.0,0.0,0.0,0.0,3.0,0.0,3,0.0,0.0,0.0,0.0,3.0,0.0,3,0.0,0.0,0.0,0.0,3.0,0.0,3,0.0,0.0,0.0,0.0,3.0,0.0,3,0.0,0.0,0.0,0.0,3.0,0.0,3,0.0,0.0,0.0,0.0,3.0,0.0,3,0.0,0.0,0.0,0.0,3.0,0.0,3,0.0,0.0,0.0,0.0,3.0,0.0,3,0.0,0.0,0.0,0.0,3.0,0.0,3,0.0,0.0,0.0,0.0,3.0,0.0,3,0.0,0.0,0.0,0.0,3.0,0.0,3,0.0,0.0,0.0,0.0,3.0,0.0,3,0.0,0.0,0.0,0.0,3.0,0.0,3,0.0,0.0,0.0,0.0,3.0,0.0,3,0.0,1
97,0,5.0,5.0,3,0,0,3.0,0.0,3.0,0,0,3.0,0.0,3.0,0,0,3.0,0.0,3.0,0,0,3.0,0.0,0.0,3.0,0,0,0.0,3.0,0.0,3.0,0,0,3.0,0.0,0.0,3.0,0,0,3.0,0.0,0.0,3.0,0,0,3.0,0.0,0.0,3.0,0,0,3.0,0.0,0.0,3.0,0,0,1,2,0,3,0,0,3.0,0.0,0.0,3.0,0,0,3.0,0.0,0.0,3.0,0,0,1,2,0,3,0,0,3.0,0.0,0.0,3.0,0,0,3.0,0.0,0.0,3.0,0,0,3.0,0.0,0.0,3.0,0,0,1,2,0,3,0,0,3.0,0.0,0.0,3.0,0,0,3.0,0.0,0.0,3.0,0,0,1,2,0,3,0,0,3.0,0.0,0.0,3.0,0,0,3.0,0.0,0.0,3.0,0,0,2.0,1.0,5.0,3.0,0,0,2.0,1.0,5.0,3.0,0,0,2.0,1.0,5.0,3.0,0,0,2.0,1.0,5.0,3.0,0,0,3.0,0.0,0.0,3.0,0,0,3.0,0.0,0.0,3.0,0,0,5.0,5.0,0.0,3.0,0,0,5.0,5.0,3.0,0,0,3.0,0.0,3.0,0,27.0,PFD,1.0,1.0,0.0,1.0,2.0,0.0,0.0,0.0,3.0,0.0,3,0.0,1.0,1.0,2.0,1.0,2.0,1,2.0,0.0,0.0,0.0,3.0,0.0,3,0.0,0.0,0.0,0.0,3.0,0.0,3,0.0,0.0,0.0,0.0,3.0,0.0,3,0.0,0.0,0.0,0.0,3.0,0.0,3,0.0,0.0,0.0,0.0,3.0,0.0,3,0.0,0.0,0.0,0.0,3.0,0.0,3,0.0,0.0,0.0,0.0,3.0,0.0,3,0.0,0.0,0.0,0.0,3.0,0.0,3,0.0,0.0,0.0,0.0,3.0,0.0,3,0.0,0.0,0.0,0.0,3.0,0.0,3,0.0,0.0,0.0,0.0,3.0,0.0,3,0.0,0.0,0.0,0.0,3.0,0.0,3,0.0,0.0,0.0,0.0,3.0,0.0,3,0.0,0.0,0.0,0.0,3.0,0.0,3,0.0,0.0,0.0,0.0,3.0,0.0,3,0.0,0
98,0,3.0,0.0,3,0,0,3.0,0.0,3.0,0,0,3.0,0.0,3.0,0,0,3.0,0.0,3.0,0,0,3.0,0.0,0.0,3.0,0,0,0.0,3.0,0.0,3.0,0,0,3.0,0.0,0.0,3.0,0,0,3.0,0.0,0.0,3.0,0,0,3.0,0.0,0.0,3.0,0,0,3.0,0.0,0.0,3.0,0,0,1,2,0,3,0,0,3.0,0.0,0.0,3.0,0,0,3.0,0.0,0.0,3.0,0,0,1,2,0,3,0,0,3.0,0.0,0.0,3.0,0,0,3.0,0.0,0.0,3.0,0,0,3.0,0.0,0.0,3.0,0,0,5,5,5,3,0,0,2.0,1.0,5.0,3.0,0,0,2.0,1.0,5.0,3.0,0,0,5,5,5,3,0,0,2.0,1.0,5.0,3.0,0,0,2.0,1.0,5.0,3.0,0,0,2.0,1.0,5.0,3.0,0,0,2.0,1.0,5.0,3.0,0,0,2.0,1.0,5.0,3.0,0,0,2.0,1.0,5.0,3.0,0,0,3.0,0.0,0.0,3.0,0,0,3.0,0.0,0.0,3.0,0,0,1.0,2.0,0.0,3.0,0,0,5.0,5.0,3.0,0,0,3.0,0.0,3.0,0,13.0,PFD,1.0,1.0,0.0,1.0,2.0,0.0,0.0,0.0,3.0,0.0,3,0.0,0.0,0.0,0.0,3.0,0.0,3,0.0,0.0,0.0,0.0,3.0,0.0,3,0.0,0.0,0.0,0.0,3.0,0.0,3,0.0,0.0,0.0,0.0,3.0,0.0,3,0.0,0.0,0.0,0.0,3.0,0.0,3,0.0,0.0,0.0,0.0,3.0,0.0,3,0.0,0.0,0.0,0.0,3.0,0.0,3,0.0,0.0,0.0,0.0,3.0,0.0,3,0.0,0.0,0.0,0.0,3.0,0.0,3,0.0,0.0,0.0,0.0,3.0,0.0,3,0.0,0.0,0.0,0.0,3.0,0.0,3,0.0,0.0,0.0,0.0,3.0,0.0,3,0.0,0.0,0.0,0.0,3.0,0.0,3,0.0,0.0,0.0,0.0,3.0,0.0,3,0.0,0.0,0.0,0.0,3.0,0.0,3,0.0,0.0,0.0,0.0,3.0,0.0,3,0.0,0
99,0,5.0,5.0,3,0,0,3.0,0.0,3.0,0,0,3.0,0.0,3.0,0,0,3.0,0.0,3.0,0,0,3.0,0.0,0.0,3.0,0,0,0.0,3.0,0.0,3.0,0,0,3.0,0.0,0.0,3.0,0,0,5.0,5.0,0.0,3.0,0,0,3.0,0.0,0.0,3.0,0,0,3.0,0.0,0.0,3.0,0,0,1,2,0,3,0,0,3.0,0.0,0.0,3.0,0,0,3.0,0.0,0.0,3.0,0,0,1,2,0,3,0,0,3.0,0.0,0.0,3.0,0,0,3.0,0.0,0.0,3.0,0,0,3.0,0.0,0.0,3.0,0,0,1,2,0,3,0,0,3.0,0.0,0.0,3.0,0,0,3.0,0.0,0.0,3.0,0,0,1,2,0,3,0,0,3.0,0.0,0.0,3.0,0,0,3.0,0.0,0.0,3.0,0,0,2.0,1.0,5.0,3.0,0,0,2.0,1.0,5.0,3.0,0,0,2.0,1.0,5.0,3.0,0,0,2.0,1.0,5.0,3.0,0,0,3.0,0.0,0.0,3.0,0,0,3.0,0.0,0.0,3.0,0,0,1.0,2.0,0.0,3.0,0,0,3.0,0.0,3.0,0,0,3.0,0.0,3.0,0,33.0,PFDD,1.0,1.0,1.0,4.0,-1.0,0.0,0.0,0.0,3.0,0.0,3,0.0,0.0,0.0,0.0,3.0,0.0,3,0.0,0.0,0.0,0.0,3.0,0.0,3,0.0,0.0,0.0,0.0,3.0,0.0,3,0.0,0.0,0.0,0.0,3.0,0.0,3,0.0,0.0,0.0,0.0,3.0,0.0,3,0.0,0.0,0.0,0.0,3.0,0.0,3,0.0,0.0,0.0,0.0,3.0,0.0,3,0.0,1.0,1.0,2.0,1.0,2.0,1,2.0,0.0,0.0,0.0,5.0,5.0,3,0.0,0.0,0.0,0.0,3.0,0.0,3,0.0,0.0,0.0,0.0,3.0,0.0,3,0.0,0.0,0.0,0.0,3.0,0.0,3,0.0,0.0,0.0,0.0,3.0,0.0,3,0.0,0.0,0.0,0.0,3.0,0.0,3,0.0,0.0,0.0,0.0,3.0,0.0,3,0.0,0.0,0.0,0.0,3.0,0.0,3,0.0,0
100,0,3.0,0.0,3,0,0,3.0,0.0,3.0,0,0,3.0,0.0,3.0,0,0,3.0,0.0,3.0,0,0,3.0,0.0,0.0,3.0,0,0,0.0,3.0,0.0,3.0,0,0,3.0,0.0,0.0,3.0,0,0,3.0,0.0,0.0,3.0,0,0,3.0,0.0,0.0,3.0,0,0,5.0,5.0,0.0,3.0,0,0,1,2,0,3,0,0,3.0,0.0,0.0,3.0,0,0,3.0,0.0,0.0,3.0,0,0,1,2,0,3,0,0,3.0,0.0,0.0,3.0,0,0,3.0,0.0,0.0,3.0,0,0,3.0,0.0,0.0,3.0,0,1,5,5,5,5,5,1,2.0,1.0,5.0,2.0,1,1,2.0,1.0,5.0,2.0,1,0,5,5,5,3,0,0,2.0,1.0,5.0,3.0,0,0,2.0,1.0,5.0,3.0,0,0,3.0,0.0,0.0,3.0,0,0,3.0,0.0,0.0,3.0,0,0,5.0,5.0,0.0,3.0,0,0,3.0,0.0,0.0,3.0,0,0,3.0,0.0,0.0,3.0,0,0,5.0,5.0,0.0,3.0,0,0,5.0,5.0,0.0,3.0,0,0,5.0,5.0,3.0,0,0,3.0,0.0,3.0,0,42.0,PFDD,1.0,1.0,0.0,1.0,2.0,0.0,0.0,0.0,3.0,0.0,3,0.0,1.0,2.0,1.0,2.0,1.0,2,1.0,1.0,1.0,2.0,1.0,2.0,1,2.0,0.0,0.0,0.0,3.0,0.0,3,0.0,0.0,0.0,0.0,3.0,0.0,3,0.0,0.0,0.0,0.0,3.0,0.0,3,0.0,0.0,0.0,0.0,3.0,0.0,3,0.0,0.0,0.0,0.0,3.0,0.0,3,0.0,1.0,1.0,2.0,1.0,2.0,1,2.0,1.0,1.0,2.0,1.0,2.0,1,2.0,0.0,0.0,0.0,3.0,0.0,3,0.0,1.0,1.0,2.0,1.0,2.0,1,2.0,0.0,0.0,0.0,3.0,0.0,3,0.0,0.0,0.0,0.0,3.0,0.0,3,0.0,1.0,1.0,2.0,1.0,2.0,1,2.0,0.0,0.0,0.0,3.0,0.0,3,0.0,0.0,0.0,0.0,3.0,0.0,3,0.0,0
101,0,5.0,5.0,3,0,0,3.0,0.0,3.0,0,0,3.0,0.0,3.0,0,0,3.0,0.0,3.0,0,0,3.0,0.0,0.0,3.0,0,0,0.0,5.0,5.0,3.0,0,0,1.0,2.0,0.0,3.0,0,0,5.0,5.0,0.0,3.0,0,0,3.0,0.0,0.0,3.0,0,0,5.0,5.0,0.0,3.0,0,0,1,2,0,3,0,0,3.0,0.0,0.0,3.0,0,0,3.0,0.0,0.0,3.0,0,0,1,2,0,3,0,0,3.0,0.0,0.0,3.0,0,0,3.0,0.0,0.0,3.0,0,0,3.0,0.0,0.0,3.0,0,0,1,2,0,3,0,0,3.0,0.0,0.0,3.0,0,0,3.0,0.0,0.0,3.0,0,0,1,2,0,3,0,0,3.0,0.0,0.0,3.0,0,0,3.0,0.0,0.0,3.0,0,0,3.0,0.0,0.0,3.0,0,0,3.0,0.0,0.0,3.0,0,0,3.0,0.0,0.0,3.0,0,0,3.0,0.0,0.0,3.0,0,0,3.0,0.0,0.0,3.0,0,0,3.0,0.0,0.0,3.0,0,0,1.0,2.0,0.0,3.0,0,0,5.0,5.0,3.0,0,0,3.0,0.0,3.0,0,33.0,PFDD,1.0,1.0,0.0,1.0,2.0,0.0,0.0,0.0,3.0,0.0,3,0.0,1.0,1.0,2.0,1.0,2.0,1,2.0,0.0,0.0,0.0,3.0,0.0,3,0.0,0.0,0.0,0.0,3.0,0.0,3,0.0,0.0,0.0,0.0,3.0,0.0,3,0.0,0.0,0.0,0.0,3.0,0.0,3,0.0,0.0,0.0,0.0,3.0,0.0,3,0.0,0.0,0.0,0.0,3.0,0.0,3,0.0,0.0,0.0,0.0,1.0,2.0,3,0.0,0.0,0.0,0.0,3.0,0.0,3,0.0,0.0,0.0,0.0,3.0,0.0,3,0.0,0.0,0.0,0.0,3.0,0.0,3,0.0,1.0,1.0,2.0,1.0,2.0,1,2.0,0.0,0.0,0.0,3.0,0.0,3,0.0,0.0,0.0,0.0,3.0,0.0,3,0.0,1.0,1.0,2.0,1.0,2.0,1,2.0,0.0,0.0,0.0,3.0,0.0,3,0.0,0
102,0,3.0,0.0,3,0,0,3.0,0.0,3.0,0,0,3.0,0.0,3.0,0,0,3.0,0.0,3.0,0,0,3.0,0.0,0.0,3.0,0,0,0.0,3.0,0.0,3.0,0,0,3.0,0.0,0.0,3.0,0,0,3.0,0.0,0.0,3.0,0,0,3.0,0.0,0.0,3.0,0,0,3.0,0.0,0.0,3.0,0,0,1,2,0,3,0,0,3.0,0.0,0.0,3.0,0,0,3.0,0.0,0.0,3.0,0,0,1,2,0,3,0,0,3.0,0.0,0.0,3.0,0,0,3.0,0.0,0.0,3.0,0,0,3.0,0.0,0.0,3.0,0,0,1,2,0,3,0,0,3.0,0.0,0.0,3.0,0,0,3.0,0.0,0.0,3.0,0,0,1,2,0,3,0,0,3.0,0.0,0.0,3.0,0,0,3.0,0.0,0.0,3.0,0,0,2.0,1.0,5.0,3.0,0,0,2.0,1.0,5.0,3.0,0,0,2.0,1.0,5.0,3.0,0,0,2.0,1.0,5.0,3.0,0,0,3.0,0.0,0.0,3.0,0,0,3.0,0.0,0.0,3.0,0,0,1.0,2.0,0.0,3.0,0,0,3.0,0.0,3.0,0,0,3.0,0.0,3.0,0,21.0,PFDD,1.0,1.0,0.0,1.0,2.0,0.0,0.0,0.0,3.0,0.0,3,0.0,1.0,1.0,2.0,1.0,2.0,1,2.0,0.0,0.0,0.0,3.0,0.0,3,0.0,0.0,0.0,0.0,3.0,0.0,3,0.0,0.0,0.0,0.0,3.0,0.0,3,0.0,0.0,0.0,0.0,3.0,0.0,3,0.0,0.0,0.0,0.0,3.0,0.0,3,0.0,0.0,0.0,0.0,3.0,0.0,3,0.0,1.0,1.0,2.0,1.0,2.0,1,2.0,0.0,0.0,0.0,3.0,0.0,3,0.0,0.0,0.0,0.0,3.0,0.0,3,0.0,0.0,0.0,0.0,3.0,0.0,3,0.0,0.0,0.0,0.0,3.0,0.0,3,0.0,0.0,0.0,0.0,3.0,0.0,3,0.0,0.0,1.0,2.0,1.0,2.0,3,0.0,0.0,0.0,0.0,3.0,0.0,3,0.0,0.0,0.0,0.0,3.0,0.0,3,0.0,0
103,0,3.0,0.0,3,0,0,3.0,0.0,3.0,0,0,3.0,0.0,3.0,0,0,3.0,0.0,3.0,0,0,3.0,0.0,0.0,3.0,0,0,0.0,3.0,0.0,3.0,0,0,3.0,0.0,0.0,3.0,0,0,3.0,0.0,0.0,3.0,0,0,3.0,0.0,0.0,3.0,0,0,3.0,0.0,0.0,3.0,0,0,1,2,0,3,0,0,3.0,0.0,0.0,3.0,0,0,3.0,0.0,0.0,3.0,0,0,1,2,0,3,0,0,3.0,0.0,0.0,3.0,0,0,3.0,0.0,0.0,3.0,0,0,3.0,0.0,0.0,3.0,0,0,1,2,0,3,0,0,3.0,0.0,0.0,3.0,0,0,3.0,0.0,0.0,3.0,0,0,1,2,0,3,0,0,3.0,0.0,0.0,3.0,0,0,3.0,0.0,0.0,3.0,0,0,3.0,0.0,0.0,3.0,0,0,3.0,0.0,0.0,3.0,0,0,3.0,0.0,0.0,3.0,0,0,3.0,0.0,0.0,3.0,0,0,3.0,0.0,0.0,3.0,0,0,3.0,0.0,0.0,3.0,0,0,1.0,2.0,0.0,3.0,0,0,3.0,0.0,3.0,0,0,3.0,0.0,3.0,0,28.0,PFDD,0.0,0.0,0.0,3.0,0.0,0.0,0.0,0.0,3.0,0.0,3,0.0,0.0,0.0,0.0,3.0,0.0,3,0.0,0.0,0.0,0.0,3.0,0.0,3,0.0,0.0,0.0,0.0,3.0,0.0,3,0.0,0.0,0.0,0.0,3.0,0.0,3,0.0,0.0,0.0,0.0,3.0,0.0,3,0.0,0.0,0.0,0.0,3.0,0.0,3,0.0,0.0,0.0,0.0,3.0,0.0,3,0.0,0.0,0.0,0.0,1.0,2.0,3,0.0,0.0,0.0,0.0,3.0,0.0,3,0.0,0.0,0.0,0.0,3.0,0.0,3,0.0,0.0,0.0,0.0,3.0,0.0,3,0.0,0.0,0.0,0.0,3.0,0.0,3,0.0,0.0,0.0,0.0,3.0,0.0,3,0.0,0.0,0.0,0.0,3.0,0.0,3,0.0,0.0,0.0,0.0,3.0,0.0,3,0.0,0.0,0.0,0.0,3.0,0.0,3,0.0,1
104,0,5.0,5.0,3,0,1,1.0,2.0,1.0,2,0,3.0,0.0,3.0,0,0,3.0,0.0,3.0,0,0,3.0,0.0,0.0,3.0,0,0,0.0,5.0,5.0,3.0,0,0,3.0,0.0,0.0,3.0,0,0,5.0,5.0,0.0,3.0,0,0,3.0,0.0,0.0,3.0,0,0,5.0,5.0,0.0,3.0,0,0,1,2,0,3,0,0,3.0,0.0,0.0,3.0,0,0,3.0,0.0,0.0,3.0,0,0,1,2,0,3,0,0,3.0,0.0,0.0,3.0,0,0,3.0,0.0,0.0,3.0,0,0,3.0,0.0,0.0,3.0,0,0,1,2,0,3,0,0,3.0,0.0,0.0,3.0,0,0,3.0,0.0,0.0,3.0,0,0,1,2,0,3,0,0,3.0,0.0,0.0,3.0,0,0,3.0,0.0,0.0,3.0,0,0,2.0,1.0,5.0,3.0,0,0,2.0,1.0,5.0,3.0,0,0,2.0,1.0,5.0,3.0,0,0,2.0,1.0,5.0,3.0,0,0,3.0,0.0,0.0,3.0,0,0,3.0,0.0,0.0,3.0,0,1,5.0,5.0,0.0,5.0,5,0,5.0,5.0,3.0,0,0,5.0,5.0,3.0,0,28.0,PFDD,1.0,1.0,1.0,4.0,-1.0,0.0,0.0,0.0,3.0,0.0,3,0.0,1.0,5.0,5.0,5.0,5.0,5,5.0,0.0,0.0,0.0,3.0,0.0,3,0.0,0.0,0.0,0.0,3.0,0.0,3,0.0,0.0,0.0,0.0,3.0,0.0,3,0.0,0.0,0.0,0.0,3.0,0.0,3,0.0,0.0,0.0,0.0,3.0,0.0,3,0.0,0.0,0.0,0.0,3.0,0.0,3,0.0,1.0,5.0,5.0,5.0,5.0,5,5.0,0.0,0.0,0.0,3.0,0.0,3,0.0,0.0,0.0,0.0,3.0,0.0,3,0.0,0.0,0.0,0.0,3.0,0.0,3,0.0,0.0,0.0,0.0,3.0,0.0,3,0.0,1.0,5.0,5.0,5.0,5.0,5,5.0,1.0,5.0,5.0,5.0,5.0,5,5.0,0.0,0.0,0.0,3.0,0.0,3,0.0,0.0,0.0,0.0,3.0,0.0,3,0.0,0
105,0,3.0,0.0,3,0,0,3.0,0.0,3.0,0,0,3.0,0.0,3.0,0,0,3.0,0.0,3.0,0,0,3.0,0.0,0.0,3.0,0,0,0.0,3.0,0.0,3.0,0,0,3.0,0.0,0.0,3.0,0,0,3.0,0.0,0.0,3.0,0,0,3.0,0.0,0.0,3.0,0,0,3.0,0.0,0.0,3.0,0,0,1,2,0,3,0,0,3.0,0.0,0.0,3.0,0,0,3.0,0.0,0.0,3.0,0,0,1,2,0,3,0,0,3.0,0.0,0.0,3.0,0,0,3.0,0.0,0.0,3.0,0,0,3.0,0.0,0.0,3.0,0,0,1,2,0,3,0,0,3.0,0.0,0.0,3.0,0,0,3.0,0.0,0.0,3.0,0,0,1,2,0,3,0,0,3.0,0.0,0.0,3.0,0,0,3.0,0.0,0.0,3.0,0,0,2.0,1.0,5.0,3.0,0,0,2.0,1.0,5.0,3.0,0,0,2.0,1.0,5.0,3.0,0,0,2.0,1.0,5.0,3.0,0,0,3.0,0.0,0.0,3.0,0,0,3.0,0.0,0.0,3.0,0,0,1.0,2.0,0.0,3.0,0,0,5.0,5.0,3.0,0,0,3.0,0.0,3.0,0,34.0,PFDD,1.0,3.0,0.0,3.0,0.0,0.0,0.0,0.0,3.0,0.0,3,0.0,0.0,0.0,0.0,6.0,6.0,4,-1.0,0.0,0.0,0.0,3.0,0.0,3,0.0,0.0,0.0,0.0,3.0,0.0,3,0.0,0.0,0.0,0.0,3.0,0.0,3,0.0,0.0,0.0,0.0,3.0,0.0,3,0.0,0.0,0.0,0.0,3.0,0.0,3,0.0,0.0,0.0,0.0,3.0,0.0,3,0.0,1.0,3.0,0.0,3.0,0.0,3,0.0,0.0,0.0,0.0,3.0,0.0,3,0.0,0.0,0.0,0.0,3.0,0.0,3,0.0,0.0,0.0,0.0,3.0,0.0,3,0.0,0.0,0.0,0.0,3.0,0.0,3,0.0,0.0,0.0,0.0,3.0,0.0,3,0.0,0.0,0.0,0.0,3.0,0.0,3,0.0,1.0,1.0,2.0,1.0,2.0,1,2.0,0.0,0.0,0.0,5.0,5.0,3,0.0,0
106,0,3.0,0.0,3,0,0,3.0,0.0,3.0,0,0,3.0,0.0,3.0,0,0,3.0,0.0,3.0,0,0,3.0,0.0,0.0,3.0,0,0,0.0,3.0,0.0,3.0,0,0,3.0,0.0,0.0,3.0,0,0,3.0,0.0,0.0,3.0,0,0,3.0,0.0,0.0,3.0,0,0,3.0,0.0,0.0,3.0,0,0,1,2,0,3,0,0,3.0,0.0,0.0,3.0,0,0,3.0,0.0,0.0,3.0,0,0,1,2,0,3,0,0,3.0,0.0,0.0,3.0,0,0,3.0,0.0,0.0,3.0,0,0,2.0,1.0,5.0,3.0,0,0,5,5,5,3,0,0,2.0,1.0,5.0,3.0,0,0,2.0,1.0,5.0,3.0,0,0,5,5,5,3,0,0,2.0,1.0,5.0,3.0,0,0,2.0,1.0,5.0,3.0,0,0,2.0,1.0,5.0,3.0,0,0,2.0,1.0,5.0,3.0,0,0,2.0,1.0,5.0,3.0,0,0,2.0,1.0,5.0,3.0,0,0,2.0,1.0,5.0,3.0,0,0,2.0,1.0,5.0,3.0,0,0,1.0,2.0,0.0,3.0,0,0,5.0,5.0,3.0,0,0,3.0,0.0,3.0,0,34.0,PFDD,0.0,0.0,0.0,3.0,0.0,0.0,0.0,0.0,3.0,0.0,3,0.0,1.0,3.0,0.0,3.0,0.0,3,0.0,0.0,0.0,0.0,3.0,0.0,3,0.0,0.0,0.0,0.0,3.0,0.0,3,0.0,0.0,0.0,0.0,3.0,0.0,3,0.0,0.0,0.0,0.0,3.0,0.0,3,0.0,0.0,0.0,0.0,3.0,0.0,3,0.0,0.0,0.0,0.0,3.0,0.0,3,0.0,0.0,0.0,0.0,3.0,0.0,3,0.0,0.0,0.0,0.0,1.0,2.0,3,0.0,0.0,0.0,0.0,3.0,0.0,3,0.0,0.0,0.0,0.0,3.0,0.0,3,0.0,0.0,0.0,0.0,3.0,0.0,3,0.0,0.0,0.0,0.0,3.0,0.0,3,0.0,0.0,0.0,0.0,3.0,0.0,3,0.0,0.0,0.0,0.0,3.0,0.0,3,0.0,0.0,0.0,0.0,5.0,5.0,3,0.0,0
107,0,3.0,0.0,3,0,0,3.0,0.0,3.0,0,0,3.0,0.0,3.0,0,0,3.0,0.0,3.0,0,0,3.0,0.0,0.0,3.0,0,0,0.0,3.0,0.0,3.0,0,0,3.0,0.0,0.0,3.0,0,0,3.0,0.0,0.0,3.0,0,0,3.0,0.0,0.0,3.0,0,0,3.0,0.0,0.0,3.0,0,0,1,2,0,3,0,0,3.0,0.0,0.0,3.0,0,0,3.0,0.0,0.0,3.0,0,0,1,2,0,3,0,0,3.0,0.0,0.0,3.0,0,0,3.0,0.0,0.0,3.0,0,0,3.0,0.0,0.0,3.0,0,0,1,2,0,3,0,0,3.0,0.0,0.0,3.0,0,0,3.0,0.0,0.0,3.0,0,0,1,2,0,3,0,0,3.0,0.0,0.0,3.0,0,0,3.0,0.0,0.0,3.0,0,0,2.0,1.0,5.0,3.0,0,0,2.0,1.0,5.0,3.0,0,0,2.0,1.0,5.0,3.0,0,0,2.0,1.0,5.0,3.0,0,0,3.0,0.0,0.0,3.0,0,0,3.0,0.0,0.0,3.0,0,0,1.0,2.0,0.0,3.0,0,0,3.0,0.0,3.0,0,0,3.0,0.0,3.0,0,34.0,PFDD,1.0,1.0,0.0,1.0,2.0,0.0,0.0,0.0,3.0,0.0,3,0.0,0.0,0.0,0.0,3.0,0.0,3,0.0,0.0,0.0,0.0,3.0,0.0,3,0.0,0.0,0.0,0.0,2.0,1.0,3,0.0,0.0,0.0,0.0,3.0,0.0,3,0.0,0.0,0.0,0.0,3.0,0.0,3,0.0,0.0,0.0,0.0,3.0,0.0,3,0.0,0.0,0.0,0.0,3.0,0.0,3,0.0,1.0,4.0,-1.0,4.0,-1.0,4,-1.0,0.0,0.0,0.0,6.0,6.0,4,-1.0,0.0,0.0,0.0,3.0,0.0,3,0.0,0.0,0.0,0.0,3.0,0.0,3,0.0,0.0,0.0,0.0,4.0,-1.0,3,0.0,0.0,0.0,0.0,3.0,0.0,3,0.0,0.0,0.0,0.0,3.0,0.0,3,0.0,0.0,0.0,0.0,3.0,0.0,3,0.0,0.0,0.0,0.0,3.0,0.0,3,0.0,0
108,1,3.0,0.0,3,0,0,5.0,5.0,3.0,0,0,5.0,5.0,3.0,0,0,5.0,5.0,3.0,0,0,5.0,5.0,5.0,3.0,0,0,5.0,5.0,5.0,3.0,0,0,5.0,5.0,5.0,3.0,0,0,5.0,5.0,5.0,3.0,0,0,5.0,5.0,5.0,3.0,0,0,5.0,5.0,5.0,3.0,0,0,5,5,5,3,0,0,5.0,5.0,5.0,3.0,0,0,5.0,5.0,5.0,3.0,0,0,5,5,5,3,0,0,5.0,5.0,5.0,3.0,0,0,5.0,5.0,5.0,3.0,0,0,5.0,5.0,5.0,3.0,0,0,5,5,5,3,0,0,5.0,5.0,5.0,3.0,0,0,5.0,5.0,5.0,3.0,0,0,5,5,5,3,0,0,5.0,5.0,5.0,3.0,0,0,5.0,5.0,5.0,3.0,0,0,5.0,5.0,5.0,3.0,0,0,5.0,5.0,5.0,3.0,0,0,5.0,5.0,5.0,3.0,0,0,5.0,5.0,5.0,3.0,0,0,5.0,5.0,5.0,3.0,0,0,5.0,5.0,5.0,3.0,0,0,5.0,5.0,5.0,3.0,0,0,5.0,5.0,3.0,0,0,5.0,5.0,3.0,0,39.0,PFDD,1.0,5.0,5.0,5.0,5.0,0.0,0.0,0.0,5.0,5.0,3,0.0,1.0,5.0,5.0,5.0,5.0,5,5.0,1.0,5.0,5.0,5.0,5.0,5,5.0,0.0,0.0,0.0,5.0,5.0,3,0.0,0.0,0.0,0.0,5.0,5.0,3,0.0,0.0,0.0,0.0,5.0,5.0,3,0.0,0.0,0.0,0.0,5.0,5.0,3,0.0,0.0,0.0,0.0,5.0,5.0,3,0.0,0.0,0.0,0.0,5.0,5.0,3,0.0,0.0,0.0,0.0,5.0,5.0,3,0.0,0.0,0.0,0.0,5.0,5.0,3,0.0,0.0,0.0,0.0,5.0,5.0,3,0.0,0.0,0.0,0.0,5.0,5.0,3,0.0,0.0,0.0,0.0,5.0,5.0,3,0.0,0.0,0.0,0.0,5.0,5.0,3,0.0,0.0,0.0,0.0,5.0,5.0,3,0.0,0.0,0.0,0.0,5.0,5.0,3,0.0,0
109,0,3.0,0.0,3,0,0,3.0,0.0,3.0,0,0,3.0,0.0,3.0,0,0,3.0,0.0,3.0,0,0,3.0,0.0,0.0,3.0,0,0,0.0,3.0,0.0,3.0,0,0,3.0,0.0,0.0,3.0,0,0,3.0,0.0,0.0,3.0,0,0,3.0,0.0,0.0,3.0,0,0,3.0,0.0,0.0,3.0,0,0,1,2,0,3,0,0,3.0,0.0,0.0,3.0,0,0,3.0,0.0,0.0,3.0,0,0,1,2,0,3,0,0,3.0,0.0,0.0,3.0,0,0,3.0,0.0,0.0,3.0,0,0,5.0,5.0,0.0,3.0,0,0,1,2,0,3,0,0,3.0,0.0,0.0,3.0,0,0,3.0,0.0,0.0,3.0,0,0,1,2,0,3,0,0,3.0,0.0,0.0,3.0,0,0,3.0,0.0,0.0,3.0,0,0,2.0,1.0,5.0,3.0,0,0,2.0,1.0,5.0,3.0,0,0,2.0,1.0,5.0,3.0,0,0,2.0,1.0,5.0,3.0,0,0,5.0,5.0,0.0,3.0,0,0,5.0,5.0,0.0,3.0,0,0,1.0,2.0,0.0,3.0,0,0,3.0,0.0,3.0,0,0,3.0,0.0,3.0,0,21.0,PFDD,1.0,1.0,0.0,1.0,2.0,0.0,0.0,0.0,3.0,0.0,3,0.0,0.0,0.0,0.0,3.0,0.0,3,0.0,0.0,0.0,0.0,3.0,0.0,3,0.0,0.0,0.0,0.0,3.0,0.0,3,0.0,0.0,0.0,0.0,3.0,0.0,3,0.0,0.0,0.0,0.0,3.0,0.0,3,0.0,0.0,0.0,0.0,3.0,0.0,3,0.0,0.0,0.0,0.0,3.0,0.0,3,0.0,0.0,0.0,0.0,6.0,6.0,4,-1.0,0.0,0.0,0.0,3.0,0.0,3,0.0,0.0,0.0,0.0,3.0,0.0,3,0.0,0.0,0.0,0.0,3.0,0.0,3,0.0,0.0,0.0,0.0,3.0,0.0,3,0.0,0.0,0.0,0.0,3.0,0.0,3,0.0,0.0,0.0,0.0,3.0,0.0,3,0.0,0.0,0.0,0.0,3.0,0.0,3,0.0,0.0,0.0,0.0,3.0,0.0,3,0.0,0
110,0,3.0,0.0,3,0,0,3.0,0.0,3.0,0,0,3.0,0.0,3.0,0,0,3.0,0.0,3.0,0,0,3.0,0.0,0.0,3.0,0,0,0.0,5.0,5.0,3.0,0,0,3.0,0.0,0.0,3.0,0,0,3.0,0.0,0.0,3.0,0,0,3.0,0.0,0.0,3.0,0,0,3.0,0.0,0.0,3.0,0,0,1,2,0,3,0,0,3.0,0.0,0.0,3.0,0,0,3.0,0.0,0.0,3.0,0,0,1,2,0,3,0,0,3.0,0.0,0.0,3.0,0,0,3.0,0.0,0.0,3.0,0,0,3.0,0.0,0.0,3.0,0,0,1,2,0,3,0,0,3.0,0.0,0.0,3.0,0,0,3.0,0.0,0.0,3.0,0,0,1,2,0,3,0,0,3.0,0.0,0.0,3.0,0,0,3.0,0.0,0.0,3.0,0,0,3.0,0.0,0.0,3.0,0,0,3.0,0.0,0.0,3.0,0,0,3.0,0.0,0.0,3.0,0,0,3.0,0.0,0.0,3.0,0,0,3.0,0.0,0.0,3.0,0,0,5.0,5.0,0.0,3.0,0,1,5.0,5.0,0.0,5.0,5,0,5.0,5.0,3.0,0,0,3.0,0.0,3.0,0,42.0,PFDD,1.0,3.0,0.0,3.0,0.0,0.0,0.0,0.0,3.0,0.0,3,0.0,1.0,1.0,2.0,6.0,6.0,4,-1.0,1.0,1.0,2.0,1.0,2.0,1,2.0,0.0,0.0,0.0,3.0,0.0,3,0.0,0.0,0.0,0.0,3.0,0.0,3,0.0,0.0,0.0,0.0,3.0,0.0,3,0.0,0.0,0.0,0.0,3.0,0.0,3,0.0,0.0,0.0,0.0,3.0,0.0,3,0.0,1.0,1.0,2.0,1.0,2.0,1,2.0,1.0,1.0,2.0,1.0,2.0,1,2.0,0.0,0.0,0.0,3.0,0.0,3,0.0,1.0,2.0,1.0,2.0,1.0,2,1.0,1.0,1.0,2.0,3.0,0.0,3,0.0,0.0,0.0,0.0,3.0,0.0,3,0.0,0.0,0.0,0.0,6.0,6.0,4,-1.0,0.0,0.0,0.0,3.0,0.0,3,0.0,0.0,0.0,0.0,3.0,0.0,3,0.0,0
111,0,3.0,0.0,3,0,0,3.0,0.0,3.0,0,0,3.0,0.0,3.0,0,0,3.0,0.0,3.0,0,0,3.0,0.0,0.0,3.0,0,0,0.0,3.0,0.0,3.0,0,0,3.0,0.0,0.0,3.0,0,0,3.0,0.0,0.0,3.0,0,0,3.0,0.0,0.0,3.0,0,0,3.0,0.0,0.0,3.0,0,0,1,2,0,3,0,0,3.0,0.0,0.0,3.0,0,0,3.0,0.0,0.0,3.0,0,0,1,2,0,3,0,0,3.0,0.0,0.0,3.0,0,0,3.0,0.0,0.0,3.0,0,0,3.0,0.0,0.0,3.0,0,0,1,2,0,3,0,0,3.0,0.0,0.0,3.0,0,0,3.0,0.0,0.0,3.0,0,0,1,2,0,3,0,0,3.0,0.0,0.0,3.0,0,0,3.0,0.0,0.0,3.0,0,0,2.0,1.0,5.0,3.0,0,0,2.0,1.0,5.0,3.0,0,0,2.0,1.0,5.0,3.0,0,0,2.0,1.0,5.0,3.0,0,0,3.0,0.0,0.0,3.0,0,0,3.0,0.0,0.0,3.0,0,0,1.0,2.0,0.0,3.0,0,0,5.0,5.0,3.0,0,0,3.0,0.0,3.0,0,1.0,PFD,1.0,4.0,0.0,4.0,-1.0,0.0,0.0,0.0,3.0,0.0,3,0.0,0.0,0.0,0.0,3.0,0.0,3,0.0,0.0,0.0,0.0,3.0,0.0,3,0.0,0.0,0.0,0.0,3.0,0.0,3,0.0,0.0,0.0,0.0,3.0,0.0,3,0.0,0.0,0.0,0.0,3.0,0.0,3,0.0,0.0,0.0,0.0,3.0,0.0,3,0.0,0.0,0.0,0.0,3.0,0.0,3,0.0,0.0,0.0,0.0,3.0,0.0,3,0.0,1.0,5.0,5.0,5.0,5.0,5,5.0,0.0,0.0,0.0,3.0,0.0,3,0.0,0.0,0.0,0.0,3.0,0.0,3,0.0,0.0,0.0,0.0,3.0,0.0,3,0.0,0.0,0.0,0.0,3.0,0.0,3,0.0,0.0,0.0,0.0,3.0,0.0,3,0.0,0.0,0.0,0.0,3.0,0.0,3,0.0,0.0,0.0,0.0,3.0,0.0,3,0.0,0
112,0,5.0,5.0,3,0,0,3.0,0.0,3.0,0,0,3.0,0.0,3.0,0,0,3.0,0.0,3.0,0,0,3.0,0.0,0.0,3.0,0,0,0.0,3.0,0.0,3.0,0,0,3.0,0.0,0.0,3.0,0,0,3.0,0.0,0.0,3.0,0,0,3.0,0.0,0.0,3.0,0,0,3.0,0.0,0.0,3.0,0,0,5,5,0,3,0,0,2.0,1.0,0.0,3.0,0,0,3.0,0.0,0.0,3.0,0,0,1,2,0,3,0,0,3.0,0.0,0.0,3.0,0,0,3.0,0.0,0.0,3.0,0,0,3.0,0.0,0.0,3.0,0,0,1,2,0,3,0,0,3.0,0.0,0.0,3.0,0,0,3.0,0.0,0.0,3.0,0,0,1,2,0,3,0,0,3.0,0.0,0.0,3.0,0,0,3.0,0.0,0.0,3.0,0,0,2.0,1.0,5.0,3.0,0,0,2.0,1.0,5.0,3.0,0,0,2.0,1.0,5.0,3.0,0,0,2.0,1.0,5.0,3.0,0,0,3.0,0.0,0.0,3.0,0,0,3.0,0.0,0.0,3.0,0,0,1.0,2.0,0.0,3.0,0,0,3.0,0.0,3.0,0,0,3.0,0.0,3.0,0,37.0,PFDD,1.0,3.0,0.0,3.0,0.0,0.0,0.0,0.0,3.0,0.0,3,0.0,0.0,0.0,0.0,3.0,0.0,3,0.0,0.0,0.0,0.0,3.0,0.0,3,0.0,0.0,0.0,0.0,3.0,0.0,3,0.0,0.0,0.0,0.0,3.0,0.0,3,0.0,0.0,0.0,0.0,3.0,0.0,3,0.0,0.0,0.0,0.0,3.0,0.0,3,0.0,0.0,0.0,0.0,3.0,0.0,3,0.0,0.0,0.0,0.0,3.0,0.0,3,0.0,0.0,0.0,0.0,3.0,0.0,3,0.0,0.0,0.0,0.0,3.0,0.0,3,0.0,0.0,0.0,0.0,3.0,0.0,3,0.0,0.0,0.0,0.0,3.0,0.0,3,0.0,0.0,0.0,0.0,3.0,0.0,3,0.0,0.0,0.0,0.0,3.0,0.0,3,0.0,0.0,0.0,0.0,3.0,0.0,3,0.0,0.0,0.0,0.0,3.0,0.0,3,0.0,0
113,0,5.0,5.0,3,0,0,3.0,0.0,3.0,0,0,3.0,0.0,3.0,0,0,3.0,0.0,3.0,0,0,3.0,0.0,0.0,3.0,0,0,0.0,3.0,0.0,3.0,0,0,3.0,0.0,0.0,3.0,0,0,5.0,5.0,0.0,3.0,0,0,3.0,0.0,0.0,3.0,0,0,3.0,0.0,0.0,3.0,0,0,1,2,0,3,0,0,3.0,0.0,0.0,3.0,0,0,3.0,0.0,0.0,3.0,0,0,1,2,0,3,0,0,3.0,0.0,0.0,3.0,0,0,3.0,0.0,0.0,3.0,0,0,3.0,0.0,0.0,3.0,0,0,1,2,0,3,0,0,3.0,0.0,0.0,3.0,0,0,3.0,0.0,0.0,3.0,0,0,1,2,0,3,0,0,3.0,0.0,0.0,3.0,0,0,3.0,0.0,0.0,3.0,0,0,2.0,1.0,5.0,3.0,0,0,2.0,1.0,5.0,3.0,0,0,2.0,1.0,5.0,3.0,0,0,2.0,1.0,5.0,3.0,0,0,3.0,0.0,0.0,3.0,0,0,3.0,0.0,0.0,3.0,0,0,1.0,2.0,0.0,3.0,0,0,3.0,0.0,3.0,0,0,3.0,0.0,3.0,0,33.0,PFDD,1.0,1.0,1.0,4.0,-1.0,0.0,0.0,0.0,3.0,0.0,3,0.0,0.0,0.0,0.0,3.0,0.0,3,0.0,0.0,0.0,0.0,3.0,0.0,3,0.0,0.0,0.0,0.0,3.0,0.0,3,0.0,0.0,0.0,0.0,3.0,0.0,3,0.0,0.0,0.0,0.0,3.0,0.0,3,0.0,0.0,0.0,0.0,3.0,0.0,3,0.0,0.0,0.0,0.0,3.0,0.0,3,0.0,0.0,0.0,0.0,3.0,0.0,3,0.0,0.0,1.0,2.0,1.0,2.0,3,0.0,0.0,0.0,0.0,3.0,0.0,3,0.0,0.0,0.0,0.0,3.0,0.0,3,0.0,0.0,0.0,0.0,3.0,0.0,3,0.0,0.0,0.0,0.0,3.0,0.0,3,0.0,0.0,0.0,0.0,3.0,0.0,3,0.0,0.0,0.0,0.0,6.0,6.0,4,-1.0,0.0,0.0,0.0,3.0,0.0,3,0.0,0
114,0,5.0,5.0,3,0,0,3.0,0.0,3.0,0,0,3.0,0.0,3.0,0,0,3.0,0.0,3.0,0,0,3.0,0.0,0.0,3.0,0,0,0.0,3.0,0.0,3.0,0,0,3.0,0.0,0.0,3.0,0,0,3.0,0.0,0.0,3.0,0,0,3.0,0.0,0.0,3.0,0,0,3.0,0.0,0.0,3.0,0,0,1,2,0,3,0,0,3.0,0.0,0.0,3.0,0,0,3.0,0.0,0.0,3.0,0,0,1,2,0,3,0,0,3.0,0.0,0.0,3.0,0,0,3.0,0.0,0.0,3.0,0,0,3.0,0.0,0.0,3.0,0,0,1,2,0,3,0,0,3.0,0.0,0.0,3.0,0,0,3.0,0.0,0.0,3.0,0,0,1,2,0,3,0,0,3.0,0.0,0.0,3.0,0,0,3.0,0.0,0.0,3.0,0,0,2.0,1.0,5.0,3.0,0,0,2.0,1.0,5.0,3.0,0,0,2.0,1.0,5.0,3.0,0,0,2.0,1.0,5.0,3.0,0,0,3.0,0.0,0.0,3.0,0,0,3.0,0.0,0.0,3.0,0,0,1.0,2.0,0.0,3.0,0,1,5.0,5.0,5.0,5,0,3.0,0.0,3.0,0,33.0,PFDD,1.0,2.0,0.0,2.0,1.0,0.0,0.0,0.0,3.0,0.0,3,0.0,0.0,0.0,0.0,3.0,0.0,3,0.0,0.0,0.0,0.0,3.0,0.0,3,0.0,1.0,5.0,5.0,5.0,5.0,5,5.0,0.0,0.0,0.0,3.0,0.0,3,0.0,1.0,1.0,2.0,1.0,2.0,1,2.0,0.0,0.0,0.0,3.0,0.0,3,0.0,0.0,0.0,0.0,3.0,0.0,3,0.0,0.0,0.0,0.0,1.0,2.0,3,0.0,0.0,0.0,0.0,3.0,0.0,3,0.0,0.0,0.0,0.0,3.0,0.0,3,0.0,0.0,0.0,0.0,3.0,0.0,3,0.0,0.0,0.0,0.0,3.0,0.0,3,0.0,0.0,0.0,0.0,3.0,0.0,3,0.0,1.0,1.0,2.0,1.0,2.0,1,2.0,0.0,0.0,0.0,3.0,0.0,3,0.0,0.0,0.0,0.0,3.0,0.0,3,0.0,0
115,0,5.0,5.0,3,0,0,3.0,0.0,3.0,0,0,3.0,0.0,3.0,0,0,3.0,0.0,3.0,0,0,3.0,0.0,0.0,3.0,0,0,0.0,3.0,0.0,3.0,0,0,3.0,0.0,0.0,3.0,0,0,3.0,0.0,0.0,3.0,0,0,3.0,0.0,0.0,3.0,0,0,3.0,0.0,0.0,3.0,0,0,1,2,0,3,0,0,3.0,0.0,0.0,3.0,0,0,3.0,0.0,0.0,3.0,0,0,1,2,0,3,0,0,3.0,0.0,0.0,3.0,0,0,3.0,0.0,0.0,3.0,0,0,2.0,1.0,5.0,3.0,0,0,5,5,5,3,0,0,2.0,1.0,5.0,3.0,0,0,2.0,1.0,5.0,3.0,0,0,5,5,5,3,0,0,2.0,1.0,5.0,3.0,0,0,2.0,1.0,5.0,3.0,0,0,2.0,1.0,5.0,3.0,0,0,2.0,1.0,5.0,3.0,0,0,2.0,1.0,5.0,3.0,0,0,2.0,1.0,5.0,3.0,0,0,2.0,1.0,5.0,3.0,0,0,2.0,1.0,5.0,3.0,0,0,1.0,2.0,0.0,3.0,0,0,5.0,5.0,3.0,0,0,3.0,0.0,3.0,0,1.0,PFD,1.0,1.0,0.0,1.0,2.0,0.0,0.0,0.0,3.0,0.0,3,0.0,0.0,0.0,0.0,3.0,0.0,3,0.0,0.0,0.0,0.0,3.0,0.0,3,0.0,0.0,0.0,0.0,3.0,0.0,3,0.0,0.0,0.0,0.0,3.0,0.0,3,0.0,0.0,0.0,0.0,3.0,0.0,3,0.0,0.0,0.0,0.0,3.0,0.0,3,0.0,0.0,0.0,0.0,3.0,0.0,3,0.0,0.0,0.0,0.0,5.0,5.0,3,0.0,0.0,0.0,0.0,3.0,0.0,3,0.0,0.0,0.0,0.0,3.0,0.0,3,0.0,0.0,0.0,0.0,3.0,0.0,3,0.0,0.0,0.0,0.0,3.0,0.0,3,0.0,0.0,0.0,0.0,3.0,0.0,3,0.0,0.0,0.0,0.0,3.0,0.0,3,0.0,0.0,0.0,0.0,3.0,0.0,3,0.0,0.0,0.0,0.0,3.0,0.0,3,0.0,0
116,0,5.0,5.0,3,0,0,3.0,0.0,3.0,0,0,3.0,0.0,3.0,0,0,3.0,0.0,3.0,0,0,3.0,0.0,0.0,3.0,0,0,0.0,5.0,5.0,3.0,0,0,1.0,2.0,0.0,3.0,0,0,5.0,5.0,0.0,3.0,0,0,3.0,0.0,0.0,3.0,0,0,5.0,5.0,0.0,3.0,0,0,1,2,0,3,0,0,3.0,0.0,0.0,3.0,0,0,3.0,0.0,0.0,3.0,0,0,1,2,0,3,0,0,3.0,0.0,0.0,3.0,0,0,3.0,0.0,0.0,3.0,0,0,3.0,0.0,0.0,3.0,0,0,1,2,0,3,0,0,3.0,0.0,0.0,3.0,0,0,3.0,0.0,0.0,3.0,0,0,1,2,0,3,0,0,3.0,0.0,0.0,3.0,0,0,3.0,0.0,0.0,3.0,0,0,2.0,1.0,5.0,3.0,0,0,2.0,1.0,5.0,3.0,0,0,2.0,1.0,5.0,3.0,0,0,2.0,1.0,5.0,3.0,0,0,3.0,0.0,0.0,3.0,0,0,3.0,0.0,0.0,3.0,0,0,1.0,2.0,5.0,3.0,0,0,3.0,0.0,3.0,0,0,5.0,5.0,3.0,0,1.0,PFD,0.0,0.0,1.0,4.0,-1.0,0.0,0.0,0.0,3.0,0.0,3,0.0,0.0,0.0,0.0,3.0,0.0,3,0.0,0.0,0.0,0.0,3.0,0.0,3,0.0,0.0,0.0,0.0,3.0,0.0,3,0.0,0.0,0.0,0.0,3.0,0.0,3,0.0,0.0,0.0,0.0,3.0,0.0,3,0.0,0.0,0.0,0.0,3.0,0.0,3,0.0,0.0,0.0,0.0,3.0,0.0,3,0.0,0.0,0.0,0.0,3.0,0.0,3,0.0,0.0,0.0,0.0,3.0,0.0,3,0.0,0.0,0.0,0.0,3.0,0.0,3,0.0,0.0,0.0,0.0,3.0,0.0,3,0.0,1.0,5.0,5.0,5.0,5.0,5,5.0,0.0,0.0,0.0,3.0,0.0,3,0.0,0.0,0.0,0.0,3.0,0.0,3,0.0,0.0,0.0,0.0,5.0,5.0,3,0.0,0.0,0.0,0.0,3.0,0.0,3,0.0,0
117,0,3.0,0.0,3,0,0,5.0,5.0,3.0,0,0,5.0,5.0,3.0,0,0,5.0,5.0,3.0,0,0,5.0,5.0,5.0,3.0,0,0,5.0,5.0,5.0,3.0,0,0,5.0,5.0,5.0,3.0,0,0,5.0,5.0,5.0,3.0,0,0,5.0,5.0,5.0,3.0,0,0,5.0,5.0,5.0,3.0,0,0,5,5,5,3,0,0,5.0,5.0,5.0,3.0,0,0,5.0,5.0,5.0,3.0,0,0,5,5,5,3,0,0,5.0,5.0,5.0,3.0,0,0,5.0,5.0,5.0,3.0,0,0,5.0,5.0,5.0,3.0,0,0,5,5,5,3,0,0,5.0,5.0,5.0,3.0,0,0,5.0,5.0,5.0,3.0,0,0,5,5,5,3,0,0,5.0,5.0,5.0,3.0,0,0,5.0,5.0,5.0,3.0,0,0,5.0,5.0,5.0,3.0,0,0,5.0,5.0,5.0,3.0,0,0,5.0,5.0,5.0,3.0,0,0,5.0,5.0,5.0,3.0,0,0,5.0,5.0,5.0,3.0,0,0,5.0,5.0,5.0,3.0,0,0,5.0,5.0,5.0,3.0,0,0,5.0,5.0,3.0,0,0,5.0,5.0,3.0,0,6.0,PFDD,0.0,0.0,5.0,3.0,0.0,0.0,0.0,0.0,5.0,5.0,3,0.0,0.0,0.0,0.0,5.0,5.0,3,0.0,0.0,0.0,0.0,5.0,5.0,3,0.0,0.0,0.0,0.0,5.0,5.0,3,0.0,0.0,0.0,0.0,5.0,5.0,3,0.0,0.0,0.0,0.0,5.0,5.0,3,0.0,0.0,0.0,0.0,5.0,5.0,3,0.0,0.0,0.0,0.0,5.0,5.0,3,0.0,1.0,5.0,5.0,5.0,5.0,5,5.0,0.0,0.0,0.0,5.0,5.0,3,0.0,0.0,0.0,0.0,5.0,5.0,3,0.0,0.0,0.0,0.0,5.0,5.0,3,0.0,0.0,0.0,0.0,5.0,5.0,3,0.0,0.0,0.0,0.0,5.0,5.0,3,0.0,0.0,0.0,0.0,5.0,5.0,3,0.0,0.0,0.0,0.0,5.0,5.0,3,0.0,0.0,0.0,0.0,5.0,5.0,3,0.0,0
118,0,5.0,5.0,3,0,0,5.0,5.0,3.0,0,0,5.0,5.0,3.0,0,0,5.0,5.0,3.0,0,0,3.0,0.0,0.0,3.0,0,0,0.0,5.0,5.0,3.0,0,0,3.0,0.0,0.0,3.0,0,0,3.0,0.0,0.0,3.0,0,0,5.0,5.0,0.0,3.0,0,0,5.0,5.0,0.0,3.0,0,0,1,2,0,3,0,0,3.0,0.0,0.0,3.0,0,0,3.0,0.0,0.0,3.0,0,0,1,2,0,3,0,0,3.0,0.0,0.0,3.0,0,0,3.0,0.0,0.0,3.0,0,0,3.0,0.0,0.0,3.0,0,0,1,2,0,3,0,0,3.0,0.0,0.0,3.0,0,0,3.0,0.0,0.0,3.0,0,0,1,2,0,3,0,0,3.0,0.0,0.0,3.0,0,0,3.0,0.0,0.0,3.0,0,0,2.0,1.0,5.0,3.0,0,0,2.0,1.0,5.0,3.0,0,0,2.0,1.0,5.0,3.0,0,0,2.0,1.0,5.0,3.0,0,0,3.0,0.0,0.0,3.0,0,0,3.0,0.0,0.0,3.0,0,0,1.0,2.0,0.0,3.0,0,0,5.0,5.0,3.0,0,0,5.0,5.0,3.0,0,40.0,PFD,1.0,1.0,1.0,4.0,-1.0,0.0,0.0,0.0,3.0,0.0,3,0.0,0.0,0.0,0.0,3.0,0.0,3,0.0,0.0,0.0,0.0,3.0,0.0,3,0.0,0.0,0.0,0.0,3.0,0.0,3,0.0,0.0,0.0,0.0,3.0,0.0,3,0.0,0.0,0.0,0.0,3.0,0.0,3,0.0,0.0,0.0,0.0,3.0,0.0,3,0.0,0.0,0.0,0.0,3.0,0.0,3,0.0,0.0,0.0,0.0,3.0,0.0,3,0.0,0.0,0.0,0.0,3.0,0.0,3,0.0,0.0,0.0,0.0,3.0,0.0,3,0.0,0.0,0.0,0.0,3.0,0.0,3,0.0,0.0,0.0,0.0,2.0,1.0,3,0.0,0.0,0.0,0.0,3.0,0.0,3,0.0,0.0,0.0,0.0,3.0,0.0,3,0.0,0.0,0.0,0.0,3.0,0.0,3,0.0,0.0,0.0,0.0,3.0,0.0,3,0.0,0
119,0,3.0,0.0,3,0,0,5.0,5.0,3.0,0,0,5.0,5.0,3.0,0,0,5.0,5.0,3.0,0,0,5.0,5.0,5.0,3.0,0,0,5.0,5.0,5.0,3.0,0,0,5.0,5.0,5.0,3.0,0,0,5.0,5.0,5.0,3.0,0,0,5.0,5.0,5.0,3.0,0,0,5.0,5.0,5.0,3.0,0,0,5,5,5,3,0,0,5.0,5.0,5.0,3.0,0,0,5.0,5.0,5.0,3.0,0,0,5,5,5,3,0,0,5.0,5.0,5.0,3.0,0,0,5.0,5.0,5.0,3.0,0,0,5.0,5.0,5.0,3.0,0,0,5,5,5,3,0,0,5.0,5.0,5.0,3.0,0,0,5.0,5.0,5.0,3.0,0,0,5,5,5,3,0,0,5.0,5.0,5.0,3.0,0,0,5.0,5.0,5.0,3.0,0,0,5.0,5.0,5.0,3.0,0,0,5.0,5.0,5.0,3.0,0,0,5.0,5.0,5.0,3.0,0,0,5.0,5.0,5.0,3.0,0,0,5.0,5.0,5.0,3.0,0,0,5.0,5.0,5.0,3.0,0,0,5.0,5.0,5.0,3.0,0,0,5.0,5.0,3.0,0,0,5.0,5.0,3.0,0,21.0,PFDD,1.0,5.0,5.0,5.0,5.0,0.0,0.0,0.0,5.0,5.0,3,0.0,0.0,0.0,0.0,5.0,5.0,3,0.0,0.0,0.0,0.0,5.0,5.0,3,0.0,0.0,0.0,0.0,5.0,5.0,3,0.0,0.0,0.0,0.0,5.0,5.0,3,0.0,0.0,0.0,0.0,5.0,5.0,3,0.0,0.0,0.0,0.0,5.0,5.0,3,0.0,0.0,0.0,0.0,5.0,5.0,3,0.0,1.0,5.0,5.0,5.0,5.0,5,5.0,1.0,5.0,5.0,5.0,5.0,5,5.0,0.0,0.0,0.0,5.0,5.0,3,0.0,0.0,0.0,0.0,5.0,5.0,3,0.0,0.0,0.0,0.0,5.0,5.0,3,0.0,0.0,0.0,0.0,5.0,5.0,3,0.0,0.0,0.0,0.0,5.0,5.0,3,0.0,0.0,0.0,0.0,5.0,5.0,3,0.0,0.0,0.0,0.0,5.0,5.0,3,0.0,0
120,0,3.0,0.0,3,0,0,3.0,0.0,3.0,0,0,3.0,0.0,3.0,0,0,3.0,0.0,3.0,0,0,3.0,0.0,0.0,3.0,0,0,0.0,3.0,0.0,3.0,0,0,3.0,0.0,0.0,3.0,0,0,3.0,0.0,0.0,3.0,0,0,3.0,0.0,0.0,3.0,0,0,3.0,0.0,0.0,3.0,0,0,1,2,0,3,0,0,3.0,0.0,0.0,3.0,0,0,3.0,0.0,0.0,3.0,0,0,1,2,0,3,0,0,3.0,0.0,0.0,3.0,0,0,3.0,0.0,0.0,3.0,0,0,2.0,1.0,5.0,3.0,0,0,5,5,5,3,0,0,2.0,1.0,5.0,3.0,0,0,2.0,1.0,5.0,3.0,0,0,5,5,5,3,0,0,2.0,1.0,5.0,3.0,0,0,2.0,1.0,5.0,3.0,0,0,2.0,1.0,5.0,3.0,0,0,2.0,1.0,5.0,3.0,0,0,2.0,1.0,5.0,3.0,0,0,2.0,1.0,5.0,3.0,0,0,2.0,1.0,5.0,3.0,0,0,2.0,1.0,5.0,3.0,0,0,1.0,2.0,0.0,3.0,0,0,3.0,0.0,3.0,0,0,3.0,0.0,3.0,0,21.0,PFDD,1.0,1.0,0.0,1.0,2.0,0.0,0.0,0.0,3.0,0.0,3,0.0,0.0,0.0,0.0,3.0,0.0,3,0.0,0.0,0.0,0.0,3.0,0.0,3,0.0,0.0,0.0,0.0,3.0,0.0,3,0.0,0.0,0.0,0.0,3.0,0.0,3,0.0,0.0,0.0,0.0,3.0,0.0,3,0.0,0.0,0.0,0.0,3.0,0.0,3,0.0,1.0,3.0,0.0,3.0,0.0,3,0.0,0.0,0.0,0.0,3.0,0.0,3,0.0,0.0,0.0,0.0,3.0,0.0,3,0.0,0.0,0.0,0.0,3.0,0.0,3,0.0,0.0,0.0,0.0,3.0,0.0,3,0.0,0.0,0.0,0.0,3.0,0.0,3,0.0,0.0,0.0,0.0,3.0,0.0,3,0.0,0.0,0.0,0.0,3.0,0.0,3,0.0,0.0,0.0,0.0,3.0,0.0,3,0.0,0.0,0.0,0.0,3.0,0.0,3,0.0,0
121,0,3.0,0.0,3,0,0,3.0,0.0,3.0,0,0,3.0,0.0,3.0,0,0,3.0,0.0,3.0,0,0,5.0,5.0,0.0,3.0,0,0,0.0,5.0,5.0,3.0,0,0,1.0,2.0,0.0,3.0,0,0,3.0,0.0,0.0,3.0,0,0,3.0,0.0,0.0,3.0,0,0,5.0,5.0,0.0,3.0,0,0,1,2,0,3,0,0,3.0,0.0,0.0,3.0,0,0,3.0,0.0,0.0,3.0,0,0,1,2,0,3,0,0,3.0,0.0,0.0,3.0,0,0,3.0,0.0,0.0,3.0,0,0,3.0,0.0,0.0,3.0,0,0,1,2,0,3,0,0,3.0,0.0,0.0,3.0,0,0,3.0,0.0,0.0,3.0,0,0,1,2,0,3,0,0,3.0,0.0,0.0,3.0,0,0,3.0,0.0,0.0,3.0,0,0,2.0,1.0,5.0,3.0,0,0,2.0,1.0,5.0,3.0,0,0,2.0,1.0,5.0,3.0,0,0,2.0,1.0,5.0,3.0,0,0,3.0,0.0,0.0,3.0,0,0,3.0,0.0,0.0,3.0,0,0,1.0,2.0,0.0,3.0,0,0,3.0,0.0,3.0,0,0,3.0,0.0,3.0,0,9.0,PFD,1.0,4.0,0.0,4.0,-1.0,0.0,0.0,0.0,3.0,0.0,3,0.0,1.0,3.0,0.0,3.0,0.0,3,0.0,1.0,3.0,0.0,3.0,0.0,3,0.0,0.0,3.0,0.0,3.0,0.0,3,0.0,0.0,3.0,0.0,3.0,0.0,3,0.0,0.0,0.0,0.0,3.0,0.0,3,0.0,1.0,3.0,0.0,3.0,0.0,3,0.0,0.0,3.0,0.0,3.0,0.0,3,0.0,0.0,0.0,0.0,3.0,0.0,3,0.0,1.0,5.0,5.0,3.0,0.0,3,0.0,0.0,0.0,0.0,3.0,0.0,3,0.0,0.0,0.0,0.0,6.0,6.0,4,-1.0,1.0,3.0,0.0,4.0,-1.0,4,-1.0,0.0,3.0,0.0,3.0,0.0,3,0.0,0.0,3.0,0.0,3.0,0.0,3,0.0,1.0,3.0,0.0,3.0,0.0,3,0.0,0.0,0.0,0.0,3.0,0.0,3,0.0,0
122,0,3.0,0.0,3,0,1,1.0,2.0,1.0,2,0,3.0,0.0,3.0,0,0,3.0,0.0,3.0,0,0,3.0,0.0,0.0,3.0,0,0,0.0,3.0,0.0,3.0,0,0,1.0,2.0,0.0,3.0,0,0,5.0,5.0,0.0,3.0,0,0,3.0,0.0,0.0,3.0,0,0,3.0,0.0,0.0,3.0,0,0,1,2,0,3,0,0,3.0,0.0,0.0,3.0,0,0,3.0,0.0,0.0,3.0,0,0,1,2,0,3,0,0,3.0,0.0,0.0,3.0,0,0,3.0,0.0,0.0,3.0,0,0,3.0,0.0,0.0,3.0,0,0,5,5,5,3,0,0,2.0,1.0,5.0,3.0,0,0,2.0,1.0,5.0,3.0,0,0,5,5,5,3,0,0,2.0,1.0,5.0,3.0,0,0,2.0,1.0,5.0,3.0,0,0,2.0,1.0,5.0,3.0,0,0,2.0,1.0,5.0,3.0,0,0,2.0,1.0,5.0,3.0,0,0,2.0,1.0,5.0,3.0,0,0,3.0,0.0,0.0,3.0,0,0,3.0,0.0,0.0,3.0,0,0,5.0,5.0,0.0,3.0,0,0,5.0,5.0,3.0,0,0,3.0,0.0,3.0,0,22.0,PFD,1.0,2.0,0.0,2.0,1.0,0.0,0.0,0.0,3.0,0.0,3,0.0,0.0,0.0,0.0,3.0,0.0,3,0.0,0.0,0.0,0.0,3.0,0.0,3,0.0,0.0,0.0,0.0,3.0,0.0,3,0.0,0.0,0.0,0.0,3.0,0.0,3,0.0,0.0,0.0,0.0,3.0,0.0,3,0.0,0.0,0.0,0.0,3.0,0.0,3,0.0,0.0,0.0,0.0,3.0,0.0,3,0.0,0.0,0.0,0.0,3.0,0.0,3,0.0,0.0,0.0,0.0,3.0,0.0,3,0.0,0.0,0.0,0.0,3.0,0.0,3,0.0,0.0,0.0,0.0,3.0,0.0,3,0.0,1.0,3.0,0.0,3.0,0.0,3,0.0,1.0,1.0,2.0,1.0,2.0,1,2.0,0.0,0.0,0.0,3.0,0.0,3,0.0,0.0,0.0,0.0,3.0,0.0,3,0.0,0.0,0.0,0.0,3.0,0.0,3,0.0,0
123,0,5.0,5.0,3,0,0,5.0,5.0,3.0,0,0,5.0,5.0,3.0,0,0,5.0,5.0,3.0,0,0,5.0,5.0,0.0,3.0,0,0,0.0,5.0,5.0,3.0,0,0,1.0,2.0,0.0,3.0,0,0,5.0,5.0,0.0,3.0,0,0,5.0,5.0,0.0,3.0,0,0,5.0,5.0,0.0,3.0,0,0,1,2,0,3,0,0,3.0,0.0,0.0,3.0,0,0,3.0,0.0,0.0,3.0,0,0,1,2,0,3,0,0,3.0,0.0,0.0,3.0,0,0,3.0,0.0,0.0,3.0,0,0,3.0,0.0,0.0,3.0,0,0,1,2,0,3,0,0,3.0,0.0,0.0,3.0,0,0,3.0,0.0,0.0,3.0,0,0,1,2,0,3,0,0,3.0,0.0,0.0,3.0,0,0,3.0,0.0,0.0,3.0,0,0,2.0,1.0,5.0,3.0,0,0,2.0,1.0,5.0,3.0,0,0,2.0,1.0,5.0,3.0,0,0,2.0,1.0,5.0,3.0,0,0,3.0,0.0,0.0,3.0,0,0,3.0,0.0,0.0,3.0,0,1,5.0,5.0,0.0,5.0,5,0,3.0,0.0,3.0,0,0,5.0,5.0,3.0,0,9.0,PFD,0.0,0.0,0.0,3.0,0.0,0.0,0.0,0.0,3.0,0.0,3,0.0,0.0,0.0,0.0,3.0,0.0,3,0.0,0.0,0.0,0.0,3.0,0.0,3,0.0,0.0,0.0,0.0,3.0,0.0,3,0.0,0.0,0.0,0.0,3.0,0.0,3,0.0,0.0,0.0,0.0,3.0,0.0,3,0.0,0.0,0.0,0.0,3.0,0.0,3,0.0,0.0,0.0,0.0,3.0,0.0,3,0.0,0.0,0.0,0.0,3.0,0.0,3,0.0,0.0,0.0,0.0,6.0,6.0,4,-1.0,0.0,0.0,0.0,3.0,0.0,3,0.0,0.0,0.0,0.0,3.0,0.0,3,0.0,0.0,0.0,0.0,3.0,0.0,3,0.0,0.0,0.0,0.0,3.0,0.0,3,0.0,0.0,0.0,0.0,3.0,0.0,3,0.0,0.0,0.0,0.0,3.0,0.0,3,0.0,0.0,0.0,0.0,3.0,0.0,3,0.0,0
124,0,3.0,0.0,3,0,0,5.0,5.0,3.0,0,0,5.0,5.0,3.0,0,0,5.0,5.0,3.0,0,0,5.0,5.0,5.0,3.0,0,0,5.0,5.0,5.0,3.0,0,0,5.0,5.0,5.0,3.0,0,0,5.0,5.0,5.0,3.0,0,0,5.0,5.0,5.0,3.0,0,0,5.0,5.0,5.0,3.0,0,0,5,5,5,3,0,0,5.0,5.0,5.0,3.0,0,0,5.0,5.0,5.0,3.0,0,0,5,5,5,3,0,0,5.0,5.0,5.0,3.0,0,0,5.0,5.0,5.0,3.0,0,0,5.0,5.0,5.0,3.0,0,0,5,5,5,3,0,0,5.0,5.0,5.0,3.0,0,0,5.0,5.0,5.0,3.0,0,0,5,5,5,3,0,0,5.0,5.0,5.0,3.0,0,0,5.0,5.0,5.0,3.0,0,0,5.0,5.0,5.0,3.0,0,0,5.0,5.0,5.0,3.0,0,0,5.0,5.0,5.0,3.0,0,0,5.0,5.0,5.0,3.0,0,0,5.0,5.0,5.0,3.0,0,0,5.0,5.0,5.0,3.0,0,0,5.0,5.0,5.0,3.0,0,0,5.0,5.0,3.0,0,0,5.0,5.0,3.0,0,6.0,PFDD,0.0,0.0,5.0,3.0,0.0,0.0,0.0,0.0,5.0,5.0,3,0.0,0.0,0.0,0.0,5.0,5.0,3,0.0,0.0,0.0,0.0,5.0,5.0,3,0.0,0.0,0.0,0.0,5.0,5.0,3,0.0,0.0,0.0,0.0,5.0,5.0,3,0.0,0.0,0.0,0.0,5.0,5.0,3,0.0,0.0,0.0,0.0,5.0,5.0,3,0.0,0.0,0.0,0.0,5.0,5.0,3,0.0,1.0,5.0,5.0,5.0,5.0,5,5.0,1.0,5.0,5.0,5.0,5.0,5,5.0,0.0,0.0,0.0,5.0,5.0,3,0.0,0.0,0.0,0.0,5.0,5.0,3,0.0,0.0,0.0,0.0,5.0,5.0,3,0.0,0.0,0.0,0.0,5.0,5.0,3,0.0,0.0,0.0,0.0,5.0,5.0,3,0.0,0.0,0.0,0.0,5.0,5.0,3,0.0,0.0,0.0,0.0,5.0,5.0,3,0.0,0
125,0,5.0,5.0,3,0,0,3.0,0.0,3.0,0,0,3.0,0.0,3.0,0,0,3.0,0.0,3.0,0,0,3.0,0.0,0.0,3.0,0,0,0.0,3.0,0.0,3.0,0,0,3.0,0.0,0.0,3.0,0,0,3.0,0.0,0.0,3.0,0,0,3.0,0.0,0.0,3.0,0,0,5.0,5.0,0.0,3.0,0,0,1,2,0,3,0,0,3.0,0.0,0.0,3.0,0,0,3.0,0.0,0.0,3.0,0,0,1,2,0,3,0,0,3.0,0.0,0.0,3.0,0,0,3.0,0.0,0.0,3.0,0,0,3.0,0.0,0.0,3.0,0,0,1,2,0,3,0,0,3.0,0.0,0.0,3.0,0,0,3.0,0.0,0.0,3.0,0,0,1,2,0,3,0,0,3.0,0.0,0.0,3.0,0,0,3.0,0.0,0.0,3.0,0,0,2.0,1.0,5.0,3.0,0,0,2.0,1.0,5.0,3.0,0,0,2.0,1.0,5.0,3.0,0,0,2.0,1.0,5.0,3.0,0,0,3.0,0.0,0.0,3.0,0,0,3.0,0.0,0.0,3.0,0,0,3.0,0.0,1.0,4.0,-1,0,5.0,5.0,3.0,0,1,4.0,-1.0,4.0,-1,47.0,PFDD,0.0,0.0,0.0,3.0,0.0,0.0,0.0,0.0,3.0,0.0,3,0.0,0.0,0.0,0.0,3.0,0.0,3,0.0,0.0,0.0,0.0,3.0,0.0,3,0.0,0.0,0.0,0.0,3.0,0.0,3,0.0,0.0,0.0,0.0,3.0,0.0,3,0.0,0.0,0.0,0.0,3.0,0.0,3,0.0,0.0,0.0,0.0,5.0,5.0,3,0.0,0.0,0.0,0.0,3.0,0.0,3,0.0,0.0,0.0,0.0,3.0,0.0,3,0.0,0.0,0.0,0.0,3.0,0.0,3,0.0,1.0,5.0,5.0,3.0,0.0,3,0.0,0.0,0.0,0.0,3.0,0.0,3,0.0,0.0,0.0,0.0,3.0,0.0,3,0.0,0.0,0.0,0.0,3.0,0.0,3,0.0,0.0,0.0,0.0,3.0,0.0,3,0.0,0.0,0.0,0.0,3.0,0.0,3,0.0,0.0,0.0,0.0,3.0,0.0,3,0.0,0
126,0,5.0,5.0,3,0,0,3.0,0.0,3.0,0,0,3.0,0.0,3.0,0,0,3.0,0.0,3.0,0,0,3.0,0.0,0.0,3.0,0,0,0.0,3.0,0.0,3.0,0,0,3.0,0.0,0.0,3.0,0,0,3.0,0.0,0.0,3.0,0,0,3.0,0.0,0.0,3.0,0,0,3.0,0.0,0.0,3.0,0,1,1,2,0,1,2,0,3.0,0.0,0.0,3.0,0,1,1.0,2.0,0.0,1.0,2,0,1,2,0,3,0,0,3.0,0.0,0.0,3.0,0,0,3.0,0.0,0.0,3.0,0,0,3.0,0.0,0.0,3.0,0,0,5,5,5,3,0,0,2.0,1.0,5.0,3.0,0,0,2.0,1.0,5.0,3.0,0,0,5,5,5,3,0,0,2.0,1.0,5.0,3.0,0,0,2.0,1.0,5.0,3.0,0,0,2.0,1.0,5.0,3.0,0,0,2.0,1.0,5.0,3.0,0,0,2.0,1.0,5.0,3.0,0,0,2.0,1.0,5.0,3.0,0,0,3.0,0.0,0.0,3.0,0,0,3.0,0.0,0.0,3.0,0,0,1.0,2.0,0.0,3.0,0,0,3.0,0.0,3.0,0,0,3.0,0.0,3.0,0,42.0,PFDD,0.0,0.0,0.0,3.0,0.0,0.0,0.0,0.0,3.0,0.0,3,0.0,0.0,0.0,0.0,1.0,2.0,3,0.0,1.0,1.0,2.0,3.0,0.0,3,0.0,1.0,1.0,2.0,1.0,2.0,1,2.0,1.0,1.0,2.0,1.0,2.0,1,2.0,0.0,0.0,0.0,3.0,0.0,3,0.0,0.0,0.0,0.0,3.0,0.0,3,0.0,0.0,0.0,0.0,3.0,0.0,3,0.0,1.0,1.0,2.0,3.0,0.0,3,0.0,0.0,0.0,0.0,3.0,0.0,3,0.0,0.0,0.0,0.0,3.0,0.0,3,0.0,0.0,0.0,0.0,1.0,2.0,3,0.0,0.0,0.0,0.0,1.0,2.0,3,0.0,0.0,0.0,0.0,3.0,0.0,3,0.0,1.0,1.0,2.0,1.0,2.0,1,2.0,1.0,3.0,0.0,3.0,0.0,3,0.0,0.0,0.0,0.0,3.0,0.0,3,0.0,0
127,0,5.0,5.0,3,0,0,3.0,0.0,3.0,0,0,3.0,0.0,3.0,0,0,3.0,0.0,3.0,0,0,3.0,0.0,0.0,3.0,0,0,0.0,3.0,0.0,3.0,0,0,3.0,0.0,0.0,3.0,0,0,3.0,0.0,0.0,3.0,0,0,3.0,0.0,0.0,3.0,0,0,3.0,0.0,0.0,3.0,0,0,1,2,0,3,0,0,3.0,0.0,0.0,3.0,0,0,3.0,0.0,0.0,3.0,0,0,1,2,0,3,0,0,3.0,0.0,0.0,3.0,0,0,3.0,0.0,0.0,3.0,0,0,3.0,0.0,0.0,3.0,0,0,1,2,0,3,0,0,3.0,0.0,0.0,3.0,0,0,3.0,0.0,0.0,3.0,0,0,1,2,0,3,0,0,3.0,0.0,0.0,3.0,0,0,3.0,0.0,0.0,3.0,0,0,2.0,1.0,5.0,3.0,0,0,2.0,1.0,5.0,3.0,0,0,2.0,1.0,5.0,3.0,0,0,2.0,1.0,5.0,3.0,0,0,3.0,0.0,0.0,3.0,0,0,3.0,0.0,0.0,3.0,0,0,1.0,2.0,0.0,3.0,0,0,5.0,5.0,3.0,0,0,3.0,0.0,3.0,0,33.0,PFDD,0.0,0.0,1.0,4.0,-1.0,0.0,0.0,0.0,3.0,0.0,3,0.0,0.0,0.0,0.0,3.0,0.0,3,0.0,0.0,0.0,0.0,3.0,0.0,3,0.0,0.0,0.0,0.0,3.0,0.0,3,0.0,0.0,0.0,0.0,3.0,0.0,3,0.0,0.0,0.0,0.0,3.0,0.0,3,0.0,0.0,0.0,0.0,3.0,0.0,3,0.0,0.0,0.0,0.0,3.0,0.0,3,0.0,1.0,1.0,2.0,1.0,2.0,1,2.0,0.0,0.0,0.0,3.0,0.0,3,0.0,0.0,0.0,0.0,3.0,0.0,3,0.0,0.0,0.0,0.0,3.0,0.0,3,0.0,0.0,0.0,0.0,6.0,6.0,4,-1.0,0.0,0.0,0.0,3.0,0.0,3,0.0,0.0,0.0,0.0,3.0,0.0,3,0.0,0.0,0.0,0.0,3.0,0.0,3,0.0,0.0,0.0,0.0,3.0,0.0,3,0.0,0
128,0,3.0,0.0,3,0,0,3.0,0.0,3.0,0,0,3.0,0.0,3.0,0,0,3.0,0.0,3.0,0,0,3.0,0.0,0.0,3.0,0,0,0.0,3.0,0.0,3.0,0,0,3.0,0.0,0.0,3.0,0,0,5.0,5.0,0.0,3.0,0,0,3.0,0.0,0.0,3.0,0,0,3.0,0.0,0.0,3.0,0,0,1,2,0,3,0,0,3.0,0.0,0.0,3.0,0,0,3.0,0.0,0.0,3.0,0,0,1,2,0,3,0,0,3.0,0.0,0.0,3.0,0,0,3.0,0.0,0.0,3.0,0,0,3.0,0.0,0.0,3.0,0,0,1,2,0,3,0,0,3.0,0.0,0.0,3.0,0,0,3.0,0.0,0.0,3.0,0,0,1,2,0,3,0,0,3.0,0.0,0.0,3.0,0,0,3.0,0.0,0.0,3.0,0,0,2.0,1.0,5.0,3.0,0,0,2.0,1.0,5.0,3.0,0,0,2.0,1.0,5.0,3.0,0,0,2.0,1.0,5.0,3.0,0,0,3.0,0.0,0.0,3.0,0,0,3.0,0.0,0.0,3.0,0,1,4.0,-1.0,0.0,4.0,-1,0,5.0,5.0,3.0,0,0,4.0,-1.0,4.0,-1,47.0,PFDD,1.0,1.0,0.0,1.0,2.0,0.0,0.0,0.0,3.0,0.0,3,0.0,0.0,0.0,0.0,3.0,0.0,3,0.0,0.0,0.0,0.0,3.0,0.0,3,0.0,0.0,0.0,0.0,3.0,0.0,3,0.0,0.0,0.0,0.0,5.0,5.0,3,0.0,0.0,0.0,0.0,3.0,0.0,3,0.0,1.0,1.0,2.0,1.0,2.0,1,2.0,0.0,0.0,0.0,3.0,0.0,3,0.0,0.0,0.0,0.0,3.0,0.0,3,0.0,0.0,0.0,0.0,3.0,0.0,3,0.0,0.0,0.0,0.0,3.0,0.0,3,0.0,0.0,0.0,0.0,3.0,0.0,3,0.0,0.0,0.0,0.0,3.0,0.0,3,0.0,0.0,0.0,0.0,3.0,0.0,3,0.0,0.0,0.0,0.0,6.0,6.0,4,-1.0,1.0,2.0,1.0,2.0,1.0,2,1.0,0.0,0.0,0.0,3.0,0.0,3,0.0,0
129,0,3.0,0.0,3,0,0,5.0,5.0,3.0,0,0,5.0,5.0,3.0,0,0,5.0,5.0,3.0,0,0,5.0,5.0,5.0,3.0,0,0,5.0,5.0,5.0,3.0,0,0,5.0,5.0,5.0,3.0,0,0,5.0,5.0,5.0,3.0,0,0,5.0,5.0,5.0,3.0,0,0,5.0,5.0,5.0,3.0,0,0,5,5,5,3,0,0,5.0,5.0,5.0,3.0,0,0,5.0,5.0,5.0,3.0,0,0,5,5,5,3,0,0,5.0,5.0,5.0,3.0,0,0,5.0,5.0,5.0,3.0,0,0,5.0,5.0,5.0,3.0,0,0,5,5,5,3,0,0,5.0,5.0,5.0,3.0,0,0,5.0,5.0,5.0,3.0,0,0,5,5,5,3,0,0,5.0,5.0,5.0,3.0,0,0,5.0,5.0,5.0,3.0,0,0,5.0,5.0,5.0,3.0,0,0,5.0,5.0,5.0,3.0,0,0,5.0,5.0,5.0,3.0,0,0,5.0,5.0,5.0,3.0,0,0,5.0,5.0,5.0,3.0,0,0,5.0,5.0,5.0,3.0,0,0,5.0,5.0,5.0,3.0,0,0,5.0,5.0,3.0,0,0,5.0,5.0,3.0,0,18.0,PFD,1.0,5.0,5.0,5.0,5.0,0.0,0.0,0.0,5.0,5.0,3,0.0,1.0,5.0,5.0,5.0,5.0,5,5.0,0.0,0.0,0.0,5.0,5.0,3,0.0,0.0,0.0,0.0,5.0,5.0,3,0.0,0.0,0.0,0.0,5.0,5.0,3,0.0,0.0,0.0,0.0,5.0,5.0,3,0.0,0.0,0.0,0.0,5.0,5.0,3,0.0,0.0,0.0,0.0,5.0,5.0,3,0.0,0.0,0.0,0.0,5.0,5.0,3,0.0,0.0,0.0,0.0,5.0,5.0,3,0.0,0.0,0.0,0.0,5.0,5.0,3,0.0,0.0,0.0,0.0,5.0,5.0,3,0.0,0.0,0.0,0.0,5.0,5.0,3,0.0,0.0,0.0,0.0,5.0,5.0,3,0.0,0.0,0.0,0.0,5.0,5.0,3,0.0,0.0,0.0,0.0,5.0,5.0,3,0.0,0.0,0.0,0.0,5.0,5.0,3,0.0,0
130,1,5.0,5.0,5,5,0,3.0,0.0,3.0,0,0,3.0,0.0,3.0,0,0,3.0,0.0,3.0,0,0,3.0,0.0,0.0,3.0,0,0,0.0,3.0,0.0,3.0,0,0,3.0,0.0,0.0,3.0,0,0,3.0,0.0,0.0,3.0,0,0,3.0,0.0,0.0,3.0,0,0,3.0,0.0,0.0,3.0,0,0,5,5,5,3,0,0,2.0,1.0,5.0,3.0,0,0,2.0,1.0,5.0,3.0,0,0,5,5,5,3,0,0,2.0,1.0,5.0,3.0,0,0,2.0,1.0,5.0,3.0,0,0,3.0,0.0,0.0,3.0,0,0,1,2,0,3,0,0,3.0,0.0,0.0,3.0,0,0,3.0,0.0,0.0,3.0,0,0,1,2,0,3,0,0,3.0,0.0,0.0,3.0,0,0,3.0,0.0,0.0,3.0,0,0,2.0,1.0,5.0,3.0,0,0,2.0,1.0,5.0,3.0,0,0,2.0,1.0,5.0,3.0,0,0,2.0,1.0,5.0,3.0,0,0,3.0,0.0,0.0,3.0,0,0,3.0,0.0,0.0,3.0,0,0,1.0,2.0,0.0,3.0,0,0,5.0,5.0,3.0,0,0,3.0,0.0,3.0,0,14.0,PFD,1.0,1.0,0.0,1.0,2.0,0.0,0.0,0.0,3.0,0.0,3,0.0,0.0,0.0,0.0,3.0,0.0,3,0.0,0.0,0.0,0.0,3.0,0.0,3,0.0,0.0,0.0,0.0,3.0,0.0,3,0.0,0.0,0.0,0.0,3.0,0.0,3,0.0,0.0,0.0,0.0,3.0,0.0,3,0.0,0.0,0.0,0.0,3.0,0.0,3,0.0,0.0,0.0,0.0,3.0,0.0,3,0.0,0.0,0.0,0.0,3.0,0.0,3,0.0,0.0,0.0,0.0,3.0,0.0,3,0.0,0.0,0.0,0.0,3.0,0.0,3,0.0,0.0,0.0,0.0,3.0,0.0,3,0.0,0.0,0.0,0.0,3.0,0.0,3,0.0,0.0,0.0,0.0,3.0,0.0,3,0.0,0.0,0.0,0.0,3.0,0.0,3,0.0,0.0,0.0,0.0,3.0,0.0,3,0.0,0.0,0.0,0.0,3.0,0.0,3,0.0,0
131,0,5.0,5.0,3,0,0,3.0,0.0,3.0,0,0,3.0,0.0,3.0,0,0,3.0,0.0,3.0,0,0,3.0,0.0,0.0,3.0,0,0,0.0,3.0,0.0,3.0,0,0,3.0,0.0,0.0,3.0,0,0,3.0,0.0,0.0,3.0,0,0,3.0,0.0,0.0,3.0,0,0,3.0,0.0,0.0,3.0,0,0,1,2,0,3,0,0,3.0,0.0,0.0,3.0,0,0,3.0,0.0,0.0,3.0,0,0,1,2,0,3,0,0,3.0,0.0,0.0,3.0,0,0,3.0,0.0,0.0,3.0,0,0,3.0,0.0,0.0,3.0,0,0,1,2,0,3,0,0,3.0,0.0,0.0,3.0,0,0,3.0,0.0,0.0,3.0,0,0,1,2,0,3,0,0,3.0,0.0,0.0,3.0,0,0,3.0,0.0,0.0,3.0,0,0,2.0,1.0,5.0,3.0,0,0,2.0,1.0,5.0,3.0,0,0,2.0,1.0,5.0,3.0,0,0,2.0,1.0,5.0,3.0,0,0,3.0,0.0,0.0,3.0,0,0,3.0,0.0,0.0,3.0,0,0,1.0,2.0,0.0,3.0,0,0,3.0,0.0,3.0,0,0,3.0,0.0,3.0,0,14.0,PFD,0.0,0.0,0.0,3.0,0.0,0.0,0.0,0.0,3.0,0.0,3,0.0,0.0,0.0,0.0,3.0,0.0,3,0.0,0.0,0.0,0.0,3.0,0.0,3,0.0,0.0,0.0,0.0,3.0,0.0,3,0.0,0.0,0.0,0.0,3.0,0.0,3,0.0,0.0,0.0,0.0,3.0,0.0,3,0.0,0.0,0.0,0.0,3.0,0.0,3,0.0,0.0,0.0,0.0,3.0,0.0,3,0.0,0.0,0.0,0.0,3.0,0.0,3,0.0,0.0,0.0,0.0,3.0,0.0,3,0.0,0.0,0.0,0.0,3.0,0.0,3,0.0,0.0,0.0,0.0,3.0,0.0,3,0.0,0.0,0.0,0.0,3.0,0.0,3,0.0,0.0,0.0,0.0,3.0,0.0,3,0.0,0.0,0.0,0.0,3.0,0.0,3,0.0,0.0,0.0,0.0,3.0,0.0,3,0.0,0.0,0.0,0.0,3.0,0.0,3,0.0,1
132,0,3.0,0.0,3,0,0,3.0,0.0,3.0,0,0,3.0,0.0,3.0,0,0,3.0,0.0,3.0,0,0,3.0,0.0,0.0,3.0,0,0,0.0,3.0,0.0,3.0,0,0,3.0,0.0,0.0,3.0,0,0,3.0,0.0,0.0,3.0,0,0,3.0,0.0,0.0,3.0,0,0,3.0,0.0,0.0,3.0,0,1,5,5,5,5,5,0,2.0,1.0,5.0,3.0,0,1,2.0,1.0,5.0,2.0,1,0,5,5,5,3,0,0,2.0,1.0,5.0,3.0,0,0,2.0,1.0,5.0,3.0,0,0,2.0,1.0,5.0,3.0,0,0,5,5,5,3,0,0,2.0,1.0,5.0,3.0,0,0,2.0,1.0,5.0,3.0,0,0,5,5,5,3,0,0,2.0,1.0,5.0,3.0,0,0,2.0,1.0,5.0,3.0,0,0,2.0,1.0,5.0,3.0,0,0,2.0,1.0,5.0,3.0,0,0,2.0,1.0,5.0,3.0,0,0,2.0,1.0,5.0,3.0,0,0,2.0,1.0,5.0,3.0,0,0,2.0,1.0,5.0,3.0,0,1,5.0,5.0,0.0,5.0,5,0,5.0,5.0,3.0,0,0,5.0,5.0,3.0,0,6.0,PFDD,1.0,1.0,0.0,1.0,2.0,0.0,0.0,0.0,3.0,0.0,3,0.0,0.0,0.0,0.0,3.0,0.0,3,0.0,1.0,3.0,0.0,3.0,0.0,3,0.0,0.0,0.0,0.0,3.0,0.0,3,0.0,0.0,0.0,0.0,3.0,0.0,3,0.0,0.0,0.0,0.0,3.0,0.0,3,0.0,0.0,0.0,0.0,3.0,0.0,3,0.0,0.0,0.0,0.0,3.0,0.0,3,0.0,1.0,4.0,-1.0,4.0,-1.0,4,-1.0,0.0,0.0,0.0,3.0,0.0,3,0.0,0.0,0.0,0.0,3.0,0.0,3,0.0,1.0,3.0,0.0,3.0,0.0,3,0.0,0.0,0.0,0.0,3.0,0.0,3,0.0,0.0,0.0,0.0,3.0,0.0,3,0.0,0.0,0.0,0.0,3.0,0.0,3,0.0,0.0,0.0,0.0,3.0,0.0,3,0.0,0.0,0.0,0.0,3.0,0.0,3,0.0,0
133,0,5.0,5.0,3,0,0,3.0,0.0,3.0,0,0,3.0,0.0,3.0,0,0,3.0,0.0,3.0,0,0,3.0,0.0,0.0,3.0,0,0,0.0,5.0,5.0,3.0,0,0,1.0,2.0,0.0,3.0,0,0,5.0,5.0,0.0,3.0,0,0,5.0,5.0,0.0,3.0,0,0,3.0,0.0,0.0,3.0,0,0,1,2,0,3,0,0,3.0,0.0,0.0,3.0,0,0,3.0,0.0,0.0,3.0,0,0,1,2,0,3,0,0,3.0,0.0,0.0,3.0,0,0,3.0,0.0,0.0,3.0,0,0,2.0,1.0,5.0,3.0,0,0,5,5,5,3,0,0,2.0,1.0,5.0,3.0,0,0,2.0,1.0,5.0,3.0,0,0,5,5,5,3,0,0,2.0,1.0,5.0,3.0,0,0,2.0,1.0,5.0,3.0,0,0,2.0,1.0,5.0,3.0,0,0,2.0,1.0,5.0,3.0,0,0,2.0,1.0,5.0,3.0,0,0,2.0,1.0,5.0,3.0,0,0,2.0,1.0,5.0,3.0,0,0,2.0,1.0,5.0,3.0,0,0,5.0,5.0,0.0,3.0,0,0,5.0,5.0,3.0,0,0,3.0,0.0,3.0,0,41.0,PFD,1.0,2.0,0.0,2.0,1.0,0.0,0.0,0.0,3.0,0.0,3,0.0,0.0,0.0,0.0,3.0,0.0,3,0.0,1.0,5.0,5.0,5.0,5.0,5,5.0,0.0,0.0,0.0,3.0,0.0,3,0.0,0.0,0.0,0.0,3.0,0.0,3,0.0,0.0,0.0,0.0,3.0,0.0,3,0.0,0.0,0.0,0.0,3.0,0.0,3,0.0,0.0,0.0,0.0,5.0,5.0,3,0.0,0.0,0.0,0.0,3.0,0.0,3,0.0,0.0,0.0,0.0,3.0,0.0,3,0.0,0.0,0.0,0.0,3.0,0.0,3,0.0,0.0,0.0,0.0,3.0,0.0,3,0.0,1.0,2.0,1.0,2.0,1.0,2,1.0,0.0,0.0,0.0,3.0,0.0,3,0.0,1.0,5.0,5.0,5.0,5.0,5,5.0,1.0,5.0,5.0,3.0,0.0,3,0.0,0.0,0.0,0.0,3.0,0.0,3,0.0,0
134,0,3.0,0.0,3,0,0,5.0,5.0,3.0,0,0,5.0,5.0,3.0,0,0,5.0,5.0,3.0,0,0,5.0,5.0,5.0,3.0,0,0,5.0,5.0,5.0,3.0,0,0,5.0,5.0,5.0,3.0,0,0,5.0,5.0,5.0,3.0,0,0,5.0,5.0,5.0,3.0,0,0,5.0,5.0,5.0,3.0,0,0,5,5,5,3,0,0,5.0,5.0,5.0,3.0,0,0,5.0,5.0,5.0,3.0,0,0,5,5,5,3,0,0,5.0,5.0,5.0,3.0,0,0,5.0,5.0,5.0,3.0,0,0,5.0,5.0,5.0,3.0,0,0,5,5,5,3,0,0,5.0,5.0,5.0,3.0,0,0,5.0,5.0,5.0,3.0,0,0,5,5,5,3,0,0,5.0,5.0,5.0,3.0,0,0,5.0,5.0,5.0,3.0,0,0,5.0,5.0,5.0,3.0,0,0,5.0,5.0,5.0,3.0,0,0,5.0,5.0,5.0,3.0,0,0,5.0,5.0,5.0,3.0,0,0,5.0,5.0,5.0,3.0,0,0,5.0,5.0,5.0,3.0,0,0,5.0,5.0,5.0,3.0,0,0,5.0,5.0,3.0,0,0,5.0,5.0,3.0,0,25.0,PFDD,1.0,5.0,5.0,5.0,5.0,1.0,5.0,5.0,5.0,5.0,5,5.0,0.0,0.0,0.0,5.0,5.0,3,0.0,0.0,0.0,0.0,5.0,5.0,3,0.0,0.0,0.0,0.0,5.0,5.0,3,0.0,0.0,0.0,0.0,5.0,5.0,3,0.0,0.0,0.0,0.0,5.0,5.0,3,0.0,1.0,5.0,5.0,5.0,5.0,5,5.0,0.0,0.0,0.0,5.0,5.0,3,0.0,1.0,5.0,5.0,5.0,5.0,5,5.0,1.0,5.0,5.0,5.0,5.0,5,5.0,1.0,5.0,5.0,5.0,5.0,5,5.0,0.0,0.0,0.0,5.0,5.0,3,0.0,0.0,0.0,0.0,5.0,5.0,3,0.0,0.0,0.0,0.0,5.0,5.0,3,0.0,1.0,5.0,5.0,5.0,5.0,5,5.0,1.0,5.0,5.0,5.0,5.0,5,5.0,0.0,0.0,0.0,5.0,5.0,3,0.0,0
135,0,3.0,0.0,3,0,0,5.0,5.0,3.0,0,0,5.0,5.0,3.0,0,0,5.0,5.0,3.0,0,0,5.0,5.0,5.0,3.0,0,0,5.0,5.0,5.0,3.0,0,0,5.0,5.0,5.0,3.0,0,0,5.0,5.0,5.0,3.0,0,0,5.0,5.0,5.0,3.0,0,0,5.0,5.0,5.0,3.0,0,0,5,5,5,3,0,0,5.0,5.0,5.0,3.0,0,0,5.0,5.0,5.0,3.0,0,0,5,5,5,3,0,0,5.0,5.0,5.0,3.0,0,0,5.0,5.0,5.0,3.0,0,0,5.0,5.0,5.0,3.0,0,0,5,5,5,3,0,0,5.0,5.0,5.0,3.0,0,0,5.0,5.0,5.0,3.0,0,0,5,5,5,3,0,0,5.0,5.0,5.0,3.0,0,0,5.0,5.0,5.0,3.0,0,0,5.0,5.0,5.0,3.0,0,0,5.0,5.0,5.0,3.0,0,0,5.0,5.0,5.0,3.0,0,0,5.0,5.0,5.0,3.0,0,0,5.0,5.0,5.0,3.0,0,0,5.0,5.0,5.0,3.0,0,0,5.0,5.0,5.0,3.0,0,0,5.0,5.0,3.0,0,0,5.0,5.0,3.0,0,3.0,PFDD,1.0,5.0,5.0,5.0,5.0,0.0,0.0,0.0,5.0,5.0,3,0.0,0.0,0.0,0.0,5.0,5.0,3,0.0,0.0,0.0,0.0,5.0,5.0,3,0.0,0.0,0.0,0.0,5.0,5.0,3,0.0,0.0,0.0,0.0,5.0,5.0,3,0.0,0.0,0.0,0.0,5.0,5.0,3,0.0,0.0,0.0,0.0,5.0,5.0,3,0.0,0.0,0.0,0.0,5.0,5.0,3,0.0,1.0,5.0,5.0,5.0,5.0,5,5.0,1.0,5.0,5.0,5.0,5.0,5,5.0,0.0,0.0,0.0,5.0,5.0,3,0.0,0.0,0.0,0.0,5.0,5.0,3,0.0,0.0,0.0,0.0,5.0,5.0,3,0.0,0.0,0.0,0.0,5.0,5.0,3,0.0,0.0,0.0,0.0,5.0,5.0,3,0.0,0.0,0.0,0.0,5.0,5.0,3,0.0,0.0,0.0,0.0,5.0,5.0,3,0.0,0
136,0,3.0,0.0,3,0,1,1.0,2.0,1.0,2,0,3.0,0.0,3.0,0,0,3.0,0.0,3.0,0,0,3.0,0.0,0.0,3.0,0,0,0.0,3.0,0.0,3.0,0,0,3.0,0.0,0.0,3.0,0,0,3.0,0.0,0.0,3.0,0,0,3.0,0.0,0.0,3.0,0,0,3.0,0.0,0.0,3.0,0,0,1,2,0,3,0,0,3.0,0.0,0.0,3.0,0,0,3.0,0.0,0.0,3.0,0,0,1,2,0,3,0,0,3.0,0.0,0.0,3.0,0,0,3.0,0.0,0.0,3.0,0,0,3.0,0.0,0.0,3.0,0,0,1,2,0,3,0,0,3.0,0.0,0.0,3.0,0,0,3.0,0.0,0.0,3.0,0,0,1,2,0,3,0,0,3.0,0.0,0.0,3.0,0,0,3.0,0.0,0.0,3.0,0,0,2.0,1.0,5.0,3.0,0,0,2.0,1.0,5.0,3.0,0,0,2.0,1.0,5.0,3.0,0,0,2.0,1.0,5.0,3.0,0,0,3.0,0.0,0.0,3.0,0,0,3.0,0.0,0.0,3.0,0,0,1.0,2.0,0.0,3.0,0,0,3.0,0.0,3.0,0,0,3.0,0.0,3.0,0,10.0,PFD,1.0,1.0,0.0,1.0,2.0,0.0,0.0,0.0,3.0,0.0,3,0.0,0.0,0.0,0.0,3.0,0.0,3,0.0,0.0,0.0,0.0,3.0,0.0,3,0.0,0.0,0.0,0.0,3.0,0.0,3,0.0,0.0,0.0,0.0,3.0,0.0,3,0.0,0.0,0.0,0.0,3.0,0.0,3,0.0,0.0,0.0,0.0,3.0,0.0,3,0.0,0.0,0.0,0.0,3.0,0.0,3,0.0,1.0,1.0,2.0,3.0,0.0,3,0.0,0.0,0.0,0.0,3.0,0.0,3,0.0,0.0,0.0,0.0,3.0,0.0,3,0.0,0.0,0.0,0.0,3.0,0.0,3,0.0,0.0,0.0,0.0,3.0,0.0,3,0.0,0.0,0.0,0.0,3.0,0.0,3,0.0,0.0,0.0,0.0,3.0,0.0,3,0.0,0.0,0.0,0.0,3.0,0.0,3,0.0,0.0,0.0,0.0,3.0,0.0,3,0.0,0
137,0,5.0,5.0,3,0,0,3.0,0.0,3.0,0,0,3.0,0.0,3.0,0,0,3.0,0.0,3.0,0,0,3.0,0.0,0.0,3.0,0,0,0.0,3.0,0.0,3.0,0,0,3.0,0.0,0.0,3.0,0,0,3.0,0.0,0.0,3.0,0,0,3.0,0.0,0.0,3.0,0,0,3.0,0.0,0.0,3.0,0,0,1,2,0,3,0,0,3.0,0.0,0.0,3.0,0,0,3.0,0.0,0.0,3.0,0,0,1,2,0,3,0,0,3.0,0.0,0.0,3.0,0,0,3.0,0.0,0.0,3.0,0,0,3.0,0.0,0.0,3.0,0,0,1,2,0,3,0,0,3.0,0.0,0.0,3.0,0,0,3.0,0.0,0.0,3.0,0,0,1,2,0,3,0,0,3.0,0.0,0.0,3.0,0,0,3.0,0.0,0.0,3.0,0,0,2.0,1.0,5.0,3.0,0,0,2.0,1.0,5.0,3.0,0,0,2.0,1.0,5.0,3.0,0,0,2.0,1.0,5.0,3.0,0,0,3.0,0.0,0.0,3.0,0,0,3.0,0.0,0.0,3.0,0,0,5.0,5.0,0.0,3.0,0,0,5.0,5.0,3.0,0,0,3.0,0.0,3.0,0,27.0,PFD,1.0,2.0,0.0,2.0,1.0,0.0,0.0,0.0,3.0,0.0,3,0.0,0.0,0.0,0.0,3.0,0.0,3,0.0,0.0,0.0,0.0,3.0,0.0,3,0.0,1.0,5.0,5.0,5.0,5.0,5,5.0,0.0,0.0,0.0,3.0,0.0,3,0.0,0.0,0.0,0.0,3.0,0.0,3,0.0,0.0,0.0,0.0,3.0,0.0,3,0.0,0.0,0.0,0.0,3.0,0.0,3,0.0,0.0,0.0,0.0,3.0,0.0,3,0.0,0.0,0.0,0.0,3.0,0.0,3,0.0,0.0,0.0,0.0,3.0,0.0,3,0.0,0.0,0.0,0.0,3.0,0.0,3,0.0,0.0,0.0,0.0,3.0,0.0,3,0.0,0.0,0.0,0.0,3.0,0.0,3,0.0,0.0,0.0,0.0,3.0,0.0,3,0.0,0.0,0.0,0.0,3.0,0.0,3,0.0,0.0,0.0,0.0,3.0,0.0,3,0.0,0
138,0,5.0,5.0,3,0,0,3.0,0.0,3.0,0,0,3.0,0.0,3.0,0,0,3.0,0.0,3.0,0,0,3.0,0.0,0.0,3.0,0,0,0.0,3.0,0.0,3.0,0,0,3.0,0.0,0.0,3.0,0,0,5.0,5.0,0.0,3.0,0,0,3.0,0.0,0.0,3.0,0,0,3.0,0.0,0.0,3.0,0,0,1,2,0,3,0,0,3.0,0.0,0.0,3.0,0,0,3.0,0.0,0.0,3.0,0,0,1,2,0,3,0,0,3.0,0.0,0.0,3.0,0,0,3.0,0.0,0.0,3.0,0,0,3.0,0.0,0.0,3.0,0,0,1,2,0,3,0,0,3.0,0.0,0.0,3.0,0,0,3.0,0.0,0.0,3.0,0,0,1,2,0,3,0,0,3.0,0.0,0.0,3.0,0,0,3.0,0.0,0.0,3.0,0,0,2.0,1.0,5.0,3.0,0,0,2.0,1.0,5.0,3.0,0,0,2.0,1.0,5.0,3.0,0,0,2.0,1.0,5.0,3.0,0,0,3.0,0.0,0.0,3.0,0,0,3.0,0.0,0.0,3.0,0,0,1.0,2.0,0.0,3.0,0,0,5.0,5.0,3.0,0,0,3.0,0.0,3.0,0,33.0,PFDD,0.0,0.0,0.0,3.0,0.0,0.0,0.0,0.0,3.0,0.0,3,0.0,0.0,0.0,0.0,3.0,0.0,3,0.0,0.0,0.0,0.0,3.0,0.0,3,0.0,0.0,0.0,0.0,3.0,0.0,3,0.0,0.0,0.0,0.0,3.0,0.0,3,0.0,0.0,0.0,0.0,3.0,0.0,3,0.0,0.0,0.0,0.0,3.0,0.0,3,0.0,0.0,0.0,0.0,3.0,0.0,3,0.0,0.0,0.0,0.0,1.0,2.0,3,0.0,0.0,0.0,0.0,3.0,0.0,3,0.0,0.0,0.0,0.0,3.0,0.0,3,0.0,0.0,0.0,0.0,3.0,0.0,3,0.0,0.0,0.0,0.0,3.0,0.0,3,0.0,1.0,2.0,1.0,2.0,1.0,2,1.0,0.0,0.0,0.0,3.0,0.0,3,0.0,0.0,0.0,0.0,3.0,0.0,3,0.0,0.0,0.0,0.0,3.0,0.0,3,0.0,0
140,0,5.0,5.0,3,0,0,3.0,0.0,3.0,0,0,3.0,0.0,3.0,0,0,3.0,0.0,3.0,0,0,3.0,0.0,0.0,3.0,0,0,0.0,3.0,0.0,3.0,0,0,3.0,0.0,0.0,3.0,0,0,3.0,0.0,0.0,3.0,0,0,3.0,0.0,0.0,3.0,0,0,3.0,0.0,0.0,3.0,0,0,1,2,0,3,0,0,3.0,0.0,0.0,3.0,0,0,3.0,0.0,0.0,3.0,0,0,1,2,0,3,0,0,3.0,0.0,0.0,3.0,0,0,3.0,0.0,0.0,3.0,0,0,3.0,0.0,0.0,3.0,0,0,5,5,5,3,0,0,2.0,1.0,5.0,3.0,0,0,2.0,1.0,5.0,3.0,0,0,5,5,5,3,0,0,2.0,1.0,5.0,3.0,0,0,2.0,1.0,5.0,3.0,0,0,2.0,1.0,5.0,3.0,0,0,2.0,1.0,5.0,3.0,0,0,2.0,1.0,5.0,3.0,0,0,2.0,1.0,5.0,3.0,0,0,3.0,0.0,0.0,3.0,0,0,3.0,0.0,0.0,3.0,0,0,1.0,2.0,0.0,3.0,0,0,3.0,0.0,3.0,0,0,3.0,0.0,3.0,0,37.0,PFDD,1.0,1.0,0.0,1.0,2.0,0.0,0.0,0.0,3.0,0.0,3,0.0,0.0,0.0,0.0,3.0,0.0,3,0.0,0.0,0.0,0.0,3.0,0.0,3,0.0,0.0,0.0,0.0,3.0,0.0,3,0.0,0.0,0.0,0.0,3.0,0.0,3,0.0,0.0,0.0,0.0,3.0,0.0,3,0.0,0.0,0.0,0.0,3.0,0.0,3,0.0,0.0,0.0,0.0,3.0,0.0,3,0.0,0.0,0.0,0.0,3.0,0.0,3,0.0,1.0,5.0,5.0,5.0,5.0,5,5.0,0.0,0.0,0.0,3.0,0.0,3,0.0,0.0,0.0,0.0,3.0,0.0,3,0.0,0.0,0.0,0.0,3.0,0.0,3,0.0,0.0,0.0,0.0,3.0,0.0,3,0.0,1.0,5.0,5.0,3.0,0.0,3,0.0,0.0,0.0,0.0,3.0,0.0,3,0.0,0.0,0.0,0.0,3.0,0.0,3,0.0,0
141,0,3.0,0.0,3,0,0,3.0,0.0,3.0,0,0,3.0,0.0,3.0,0,0,3.0,0.0,3.0,0,0,3.0,0.0,0.0,3.0,0,0,0.0,3.0,0.0,3.0,0,0,3.0,0.0,0.0,3.0,0,0,5.0,5.0,0.0,3.0,0,0,3.0,0.0,0.0,3.0,0,0,5.0,5.0,0.0,3.0,0,0,1,2,0,3,0,0,3.0,0.0,0.0,3.0,0,0,3.0,0.0,0.0,3.0,0,0,1,2,0,3,0,0,3.0,0.0,0.0,3.0,0,0,3.0,0.0,0.0,3.0,0,0,2.0,1.0,5.0,3.0,0,0,5,5,5,3,0,0,2.0,1.0,5.0,3.0,0,0,2.0,1.0,5.0,3.0,0,0,5,5,5,3,0,0,2.0,1.0,5.0,3.0,0,0,2.0,1.0,5.0,3.0,0,0,2.0,1.0,5.0,3.0,0,0,2.0,1.0,5.0,3.0,0,0,2.0,1.0,5.0,3.0,0,0,2.0,1.0,5.0,3.0,0,0,2.0,1.0,5.0,3.0,0,0,2.0,1.0,5.0,3.0,0,0,5.0,5.0,5.0,3.0,0,0,5.0,5.0,3.0,0,0,3.0,0.0,3.0,0,18.0,PFD,1.0,3.0,0.0,3.0,0.0,0.0,0.0,0.0,3.0,0.0,3,0.0,0.0,0.0,0.0,3.0,0.0,3,0.0,0.0,0.0,0.0,3.0,0.0,3,0.0,0.0,0.0,0.0,3.0,0.0,3,0.0,0.0,0.0,0.0,3.0,0.0,3,0.0,0.0,0.0,0.0,3.0,0.0,3,0.0,0.0,0.0,0.0,3.0,0.0,3,0.0,0.0,0.0,0.0,3.0,0.0,3,0.0,0.0,0.0,0.0,3.0,0.0,3,0.0,0.0,0.0,0.0,3.0,0.0,3,0.0,0.0,0.0,0.0,3.0,0.0,3,0.0,0.0,0.0,0.0,3.0,0.0,3,0.0,0.0,0.0,0.0,3.0,0.0,3,0.0,0.0,0.0,0.0,3.0,0.0,3,0.0,0.0,0.0,0.0,3.0,0.0,3,0.0,0.0,0.0,0.0,3.0,0.0,3,0.0,0.0,0.0,0.0,3.0,0.0,3,0.0,0
142,0,5.0,5.0,3,0,0,3.0,0.0,3.0,0,0,3.0,0.0,3.0,0,0,3.0,0.0,3.0,0,0,3.0,0.0,0.0,3.0,0,0,0.0,5.0,5.0,3.0,0,0,3.0,0.0,0.0,3.0,0,0,3.0,0.0,0.0,3.0,0,0,5.0,5.0,0.0,3.0,0,0,3.0,0.0,0.0,3.0,0,0,1,2,0,3,0,0,3.0,0.0,0.0,3.0,0,0,3.0,0.0,0.0,3.0,0,0,1,2,0,3,0,0,3.0,0.0,0.0,3.0,0,0,3.0,0.0,0.0,3.0,0,0,3.0,0.0,0.0,3.0,0,0,1,2,0,3,0,0,3.0,0.0,0.0,3.0,0,0,3.0,0.0,0.0,3.0,0,0,1,2,0,3,0,0,3.0,0.0,0.0,3.0,0,0,3.0,0.0,0.0,3.0,0,0,2.0,1.0,5.0,3.0,0,0,2.0,1.0,5.0,3.0,0,0,2.0,1.0,5.0,3.0,0,0,2.0,1.0,5.0,3.0,0,0,3.0,0.0,0.0,3.0,0,0,3.0,0.0,0.0,3.0,0,0,1.0,2.0,0.0,3.0,0,0,3.0,0.0,3.0,0,1,4.0,-1.0,4.0,-1,23.0,PFDD,0.0,0.0,0.0,3.0,0.0,0.0,0.0,0.0,3.0,0.0,3,0.0,0.0,0.0,0.0,3.0,0.0,3,0.0,0.0,0.0,0.0,3.0,0.0,3,0.0,0.0,0.0,0.0,3.0,0.0,3,0.0,0.0,0.0,0.0,3.0,0.0,3,0.0,0.0,0.0,0.0,3.0,0.0,3,0.0,0.0,0.0,0.0,3.0,0.0,3,0.0,0.0,0.0,0.0,3.0,0.0,3,0.0,0.0,0.0,0.0,3.0,0.0,3,0.0,0.0,0.0,0.0,3.0,0.0,3,0.0,0.0,0.0,0.0,3.0,0.0,3,0.0,0.0,0.0,0.0,3.0,0.0,3,0.0,0.0,0.0,0.0,3.0,0.0,3,0.0,0.0,0.0,0.0,3.0,0.0,3,0.0,1.0,4.0,-1.0,4.0,-1.0,4,-1.0,0.0,0.0,0.0,3.0,0.0,3,0.0,0.0,0.0,0.0,3.0,0.0,3,0.0,0
143,0,3.0,0.0,3,0,0,3.0,0.0,3.0,0,0,3.0,0.0,3.0,0,0,3.0,0.0,3.0,0,0,3.0,0.0,0.0,3.0,0,0,0.0,3.0,0.0,3.0,0,0,3.0,0.0,0.0,3.0,0,0,3.0,0.0,0.0,3.0,0,0,3.0,0.0,0.0,3.0,0,0,3.0,0.0,0.0,3.0,0,0,1,2,0,3,0,0,3.0,0.0,0.0,3.0,0,0,3.0,0.0,0.0,3.0,0,0,1,2,0,3,0,0,3.0,0.0,0.0,3.0,0,0,3.0,0.0,0.0,3.0,0,0,2.0,1.0,5.0,3.0,0,0,5,5,5,3,0,0,2.0,1.0,5.0,3.0,0,0,2.0,1.0,5.0,3.0,0,0,5,5,5,3,0,0,2.0,1.0,5.0,3.0,0,0,2.0,1.0,5.0,3.0,0,0,2.0,1.0,5.0,3.0,0,0,2.0,1.0,5.0,3.0,0,0,2.0,1.0,5.0,3.0,0,0,2.0,1.0,5.0,3.0,0,0,2.0,1.0,5.0,3.0,0,0,2.0,1.0,5.0,3.0,0,0,5.0,5.0,5.0,3.0,0,0,5.0,5.0,3.0,0,0,5.0,5.0,3.0,0,44.0,PFDD,1.0,1.0,1.0,4.0,-1.0,0.0,0.0,0.0,3.0,0.0,3,0.0,0.0,0.0,0.0,3.0,0.0,3,0.0,1.0,5.0,5.0,3.0,0.0,3,0.0,0.0,0.0,0.0,3.0,0.0,3,0.0,0.0,0.0,0.0,3.0,0.0,3,0.0,0.0,0.0,0.0,3.0,0.0,3,0.0,0.0,0.0,0.0,3.0,0.0,3,0.0,0.0,0.0,0.0,3.0,0.0,3,0.0,0.0,0.0,0.0,6.0,6.0,4,-1.0,0.0,0.0,0.0,3.0,0.0,3,0.0,0.0,0.0,0.0,3.0,0.0,3,0.0,0.0,0.0,0.0,3.0,0.0,3,0.0,0.0,0.0,0.0,3.0,0.0,3,0.0,0.0,0.0,0.0,3.0,0.0,3,0.0,0.0,0.0,0.0,3.0,0.0,3,0.0,0.0,0.0,0.0,3.0,0.0,3,0.0,0.0,0.0,0.0,3.0,0.0,3,0.0,0
144,0,3.0,0.0,3,0,0,3.0,0.0,3.0,0,0,3.0,0.0,3.0,0,0,3.0,0.0,3.0,0,0,3.0,0.0,0.0,3.0,0,0,0.0,3.0,0.0,3.0,0,0,3.0,0.0,0.0,3.0,0,0,5.0,5.0,0.0,3.0,0,0,3.0,0.0,0.0,3.0,0,0,3.0,0.0,0.0,3.0,0,0,1,2,0,3,0,0,3.0,0.0,0.0,3.0,0,0,3.0,0.0,0.0,3.0,0,0,1,2,0,3,0,0,3.0,0.0,0.0,3.0,0,0,3.0,0.0,0.0,3.0,0,0,3.0,0.0,0.0,3.0,0,0,1,2,0,3,0,0,3.0,0.0,0.0,3.0,0,0,3.0,0.0,0.0,3.0,0,0,1,2,0,3,0,0,3.0,0.0,0.0,3.0,0,0,3.0,0.0,0.0,3.0,0,0,2.0,1.0,5.0,3.0,0,0,2.0,1.0,5.0,3.0,0,0,2.0,1.0,5.0,3.0,0,0,2.0,1.0,5.0,3.0,0,0,3.0,0.0,0.0,3.0,0,0,3.0,0.0,0.0,3.0,0,1,5.0,5.0,0.0,5.0,5,0,5.0,5.0,3.0,0,0,3.0,0.0,3.0,0,47.0,PFDD,1.0,3.0,0.0,3.0,0.0,0.0,0.0,0.0,3.0,0.0,3,0.0,0.0,0.0,0.0,3.0,0.0,3,0.0,0.0,0.0,0.0,3.0,0.0,3,0.0,1.0,1.0,2.0,1.0,2.0,1,2.0,0.0,0.0,0.0,3.0,0.0,3,0.0,0.0,0.0,0.0,3.0,0.0,3,0.0,0.0,0.0,0.0,3.0,0.0,3,0.0,0.0,0.0,0.0,3.0,0.0,3,0.0,0.0,0.0,0.0,3.0,0.0,3,0.0,0.0,0.0,0.0,3.0,0.0,3,0.0,0.0,0.0,0.0,3.0,0.0,3,0.0,0.0,0.0,0.0,3.0,0.0,3,0.0,0.0,0.0,0.0,3.0,0.0,3,0.0,0.0,0.0,0.0,3.0,0.0,3,0.0,0.0,0.0,0.0,3.0,0.0,3,0.0,0.0,0.0,0.0,3.0,0.0,3,0.0,0.0,0.0,0.0,3.0,0.0,3,0.0,0
145,0,3.0,0.0,3,0,0,3.0,0.0,3.0,0,0,3.0,0.0,3.0,0,0,3.0,0.0,3.0,0,0,3.0,0.0,0.0,3.0,0,0,0.0,3.0,0.0,3.0,0,0,3.0,0.0,0.0,3.0,0,0,3.0,0.0,0.0,3.0,0,0,3.0,0.0,0.0,3.0,0,0,3.0,0.0,0.0,3.0,0,0,1,2,0,3,0,0,3.0,0.0,0.0,3.0,0,0,3.0,0.0,0.0,3.0,0,0,1,2,0,3,0,0,3.0,0.0,0.0,3.0,0,0,3.0,0.0,0.0,3.0,0,0,3.0,0.0,0.0,3.0,0,0,1,2,0,3,0,0,3.0,0.0,0.0,3.0,0,0,3.0,0.0,0.0,3.0,0,0,1,2,0,3,0,0,3.0,0.0,0.0,3.0,0,0,3.0,0.0,0.0,3.0,0,0,2.0,1.0,5.0,3.0,0,0,2.0,1.0,5.0,3.0,0,0,2.0,1.0,5.0,3.0,0,0,2.0,1.0,5.0,3.0,0,0,3.0,0.0,0.0,3.0,0,0,3.0,0.0,0.0,3.0,0,0,1.0,2.0,0.0,3.0,0,0,5.0,5.0,3.0,0,1,1.0,2.0,1.0,2,22.0,PFD,0.0,0.0,0.0,3.0,0.0,0.0,0.0,0.0,3.0,0.0,3,0.0,0.0,0.0,0.0,3.0,0.0,3,0.0,0.0,0.0,0.0,3.0,0.0,3,0.0,1.0,1.0,2.0,1.0,2.0,1,2.0,0.0,0.0,0.0,3.0,0.0,3,0.0,1.0,1.0,2.0,1.0,2.0,1,2.0,0.0,0.0,0.0,3.0,0.0,3,0.0,0.0,0.0,0.0,3.0,0.0,3,0.0,0.0,0.0,0.0,3.0,0.0,3,0.0,0.0,0.0,0.0,3.0,0.0,3,0.0,0.0,0.0,0.0,3.0,0.0,3,0.0,0.0,0.0,0.0,3.0,0.0,3,0.0,0.0,0.0,0.0,3.0,0.0,3,0.0,0.0,0.0,0.0,3.0,0.0,3,0.0,1.0,1.0,2.0,1.0,2.0,1,2.0,0.0,0.0,0.0,3.0,0.0,3,0.0,0.0,0.0,0.0,3.0,0.0,3,0.0,0
146,0,3.0,0.0,3,0,0,3.0,0.0,3.0,0,0,3.0,0.0,3.0,0,0,3.0,0.0,3.0,0,0,3.0,0.0,0.0,3.0,0,0,0.0,3.0,0.0,3.0,0,0,3.0,0.0,0.0,3.0,0,0,3.0,0.0,0.0,3.0,0,0,3.0,0.0,0.0,3.0,0,0,3.0,0.0,0.0,3.0,0,0,1,2,0,3,0,0,3.0,0.0,0.0,3.0,0,0,3.0,0.0,0.0,3.0,0,0,1,2,0,3,0,0,3.0,0.0,0.0,3.0,0,0,3.0,0.0,0.0,3.0,0,0,3.0,0.0,0.0,3.0,0,0,1,2,0,3,0,0,3.0,0.0,0.0,3.0,0,0,3.0,0.0,0.0,3.0,0,0,1,2,0,3,0,0,3.0,0.0,0.0,3.0,0,0,3.0,0.0,0.0,3.0,0,0,2.0,1.0,5.0,3.0,0,0,2.0,1.0,5.0,3.0,0,0,2.0,1.0,5.0,3.0,0,0,2.0,1.0,5.0,3.0,0,0,3.0,0.0,0.0,3.0,0,0,3.0,0.0,0.0,3.0,0,0,1.0,2.0,0.0,3.0,0,0,5.0,5.0,3.0,0,0,3.0,0.0,3.0,0,40.0,PFD,0.0,0.0,0.0,3.0,0.0,0.0,0.0,0.0,3.0,0.0,3,0.0,0.0,0.0,0.0,3.0,0.0,3,0.0,0.0,0.0,0.0,3.0,0.0,3,0.0,0.0,0.0,0.0,3.0,0.0,3,0.0,0.0,0.0,0.0,3.0,0.0,3,0.0,0.0,0.0,0.0,3.0,0.0,3,0.0,0.0,0.0,0.0,3.0,0.0,3,0.0,0.0,0.0,0.0,3.0,0.0,3,0.0,0.0,0.0,0.0,3.0,0.0,3,0.0,0.0,0.0,0.0,3.0,0.0,3,0.0,0.0,0.0,0.0,3.0,0.0,3,0.0,0.0,0.0,0.0,3.0,0.0,3,0.0,0.0,0.0,0.0,3.0,0.0,3,0.0,0.0,0.0,0.0,3.0,0.0,3,0.0,1.0,5.0,5.0,3.0,0.0,3,0.0,0.0,0.0,0.0,3.0,0.0,3,0.0,0.0,0.0,0.0,3.0,0.0,3,0.0,0
147,0,5.0,5.0,3,0,0,3.0,0.0,3.0,0,0,3.0,0.0,3.0,0,0,3.0,0.0,3.0,0,0,3.0,0.0,0.0,3.0,0,0,0.0,3.0,0.0,3.0,0,0,3.0,0.0,0.0,3.0,0,0,3.0,0.0,0.0,3.0,0,0,3.0,0.0,0.0,3.0,0,0,3.0,0.0,0.0,3.0,0,0,1,2,0,3,0,0,3.0,0.0,0.0,3.0,0,0,3.0,0.0,0.0,3.0,0,0,1,2,0,3,0,0,3.0,0.0,0.0,3.0,0,0,3.0,0.0,0.0,3.0,0,0,3.0,0.0,0.0,3.0,0,0,1,2,0,3,0,0,3.0,0.0,0.0,3.0,0,0,3.0,0.0,0.0,3.0,0,0,1,2,0,3,0,0,3.0,0.0,0.0,3.0,0,0,3.0,0.0,0.0,3.0,0,0,2.0,1.0,5.0,3.0,0,0,2.0,1.0,5.0,3.0,0,0,2.0,1.0,5.0,3.0,0,0,2.0,1.0,5.0,3.0,0,0,3.0,0.0,0.0,3.0,0,0,3.0,0.0,0.0,3.0,0,0,5.0,5.0,0.0,3.0,0,0,5.0,5.0,3.0,0,0,3.0,0.0,3.0,0,31.0,PFD,1.0,1.0,0.0,1.0,2.0,0.0,0.0,0.0,3.0,0.0,3,0.0,0.0,0.0,0.0,3.0,0.0,3,0.0,0.0,0.0,0.0,3.0,0.0,3,0.0,0.0,0.0,0.0,3.0,0.0,3,0.0,0.0,0.0,0.0,3.0,0.0,3,0.0,0.0,0.0,0.0,3.0,0.0,3,0.0,0.0,0.0,0.0,3.0,0.0,3,0.0,0.0,0.0,0.0,3.0,0.0,3,0.0,0.0,0.0,0.0,1.0,2.0,3,0.0,0.0,0.0,0.0,3.0,0.0,3,0.0,0.0,0.0,0.0,3.0,0.0,3,0.0,0.0,0.0,0.0,3.0,0.0,3,0.0,0.0,0.0,0.0,3.0,0.0,3,0.0,0.0,0.0,0.0,3.0,0.0,3,0.0,0.0,0.0,0.0,3.0,0.0,3,0.0,0.0,0.0,0.0,3.0,0.0,3,0.0,0.0,0.0,0.0,3.0,0.0,3,0.0,0
148,0,3.0,0.0,3,0,0,5.0,5.0,3.0,0,0,5.0,5.0,3.0,0,0,5.0,5.0,3.0,0,0,5.0,5.0,5.0,3.0,0,0,5.0,5.0,5.0,3.0,0,0,5.0,5.0,5.0,3.0,0,0,5.0,5.0,5.0,3.0,0,0,5.0,5.0,5.0,3.0,0,0,5.0,5.0,5.0,3.0,0,0,5,5,5,3,0,0,5.0,5.0,5.0,3.0,0,0,5.0,5.0,5.0,3.0,0,0,5,5,5,3,0,0,5.0,5.0,5.0,3.0,0,0,5.0,5.0,5.0,3.0,0,0,5.0,5.0,5.0,3.0,0,0,5,5,5,3,0,0,5.0,5.0,5.0,3.0,0,0,5.0,5.0,5.0,3.0,0,0,5,5,5,3,0,0,5.0,5.0,5.0,3.0,0,0,5.0,5.0,5.0,3.0,0,0,5.0,5.0,5.0,3.0,0,0,5.0,5.0,5.0,3.0,0,0,5.0,5.0,5.0,3.0,0,0,5.0,5.0,5.0,3.0,0,0,5.0,5.0,5.0,3.0,0,0,5.0,5.0,5.0,3.0,0,0,5.0,5.0,5.0,3.0,0,0,5.0,5.0,3.0,0,0,5.0,5.0,3.0,0,31.0,PFD,0.0,0.0,5.0,3.0,0.0,0.0,0.0,0.0,5.0,5.0,3,0.0,1.0,5.0,5.0,5.0,5.0,5,5.0,0.0,0.0,0.0,5.0,5.0,3,0.0,0.0,0.0,0.0,5.0,5.0,3,0.0,0.0,0.0,0.0,5.0,5.0,3,0.0,0.0,0.0,0.0,5.0,5.0,3,0.0,0.0,0.0,0.0,5.0,5.0,3,0.0,0.0,0.0,0.0,5.0,5.0,3,0.0,0.0,0.0,0.0,5.0,5.0,3,0.0,1.0,5.0,5.0,5.0,5.0,5,5.0,0.0,0.0,0.0,5.0,5.0,3,0.0,1.0,5.0,5.0,5.0,5.0,5,5.0,0.0,0.0,0.0,5.0,5.0,3,0.0,0.0,0.0,0.0,5.0,5.0,3,0.0,0.0,0.0,0.0,5.0,5.0,3,0.0,0.0,0.0,0.0,5.0,5.0,3,0.0,0.0,0.0,0.0,5.0,5.0,3,0.0,0
149,0,3.0,0.0,3,0,0,3.0,0.0,3.0,0,0,3.0,0.0,3.0,0,0,3.0,0.0,3.0,0,0,3.0,0.0,0.0,3.0,0,0,0.0,3.0,0.0,3.0,0,0,3.0,0.0,0.0,3.0,0,0,3.0,0.0,0.0,3.0,0,0,3.0,0.0,0.0,3.0,0,0,3.0,0.0,0.0,3.0,0,0,1,2,0,3,0,0,3.0,0.0,0.0,3.0,0,0,3.0,0.0,0.0,3.0,0,0,1,2,0,3,0,0,3.0,0.0,0.0,3.0,0,0,3.0,0.0,0.0,3.0,0,0,3.0,0.0,0.0,3.0,0,0,1,2,0,3,0,0,3.0,0.0,0.0,3.0,0,0,3.0,0.0,0.0,3.0,0,0,1,2,0,3,0,0,3.0,0.0,0.0,3.0,0,0,3.0,0.0,0.0,3.0,0,0,2.0,1.0,5.0,3.0,0,0,2.0,1.0,5.0,3.0,0,0,2.0,1.0,5.0,3.0,0,0,2.0,1.0,5.0,3.0,0,0,3.0,0.0,0.0,3.0,0,0,3.0,0.0,0.0,3.0,0,0,1.0,2.0,0.0,3.0,0,0,3.0,0.0,3.0,0,0,3.0,0.0,3.0,0,37.0,PFDD,1.0,1.0,0.0,1.0,2.0,0.0,0.0,0.0,3.0,0.0,3,0.0,0.0,0.0,0.0,3.0,0.0,3,0.0,0.0,0.0,0.0,3.0,0.0,3,0.0,0.0,0.0,0.0,3.0,0.0,3,0.0,0.0,0.0,0.0,3.0,0.0,3,0.0,0.0,0.0,0.0,3.0,0.0,3,0.0,0.0,0.0,0.0,3.0,0.0,3,0.0,0.0,0.0,0.0,3.0,0.0,3,0.0,0.0,0.0,0.0,3.0,0.0,3,0.0,0.0,0.0,0.0,3.0,0.0,3,0.0,0.0,0.0,0.0,3.0,0.0,3,0.0,0.0,0.0,0.0,3.0,0.0,3,0.0,0.0,0.0,0.0,3.0,0.0,3,0.0,0.0,0.0,0.0,3.0,0.0,3,0.0,1.0,1.0,2.0,1.0,2.0,1,2.0,0.0,0.0,0.0,3.0,0.0,3,0.0,0.0,0.0,0.0,3.0,0.0,3,0.0,0
150,0,5.0,5.0,3,0,0,3.0,0.0,3.0,0,0,3.0,0.0,3.0,0,0,3.0,0.0,3.0,0,0,3.0,0.0,0.0,3.0,0,0,0.0,3.0,0.0,3.0,0,0,3.0,0.0,0.0,3.0,0,0,3.0,0.0,0.0,3.0,0,0,3.0,0.0,0.0,3.0,0,0,3.0,0.0,0.0,3.0,0,0,1,2,0,3,0,0,3.0,0.0,0.0,3.0,0,0,3.0,0.0,0.0,3.0,0,0,1,2,0,3,0,0,3.0,0.0,0.0,3.0,0,0,3.0,0.0,0.0,3.0,0,0,3.0,0.0,0.0,3.0,0,0,1,2,0,3,0,0,3.0,0.0,0.0,3.0,0,0,3.0,0.0,0.0,3.0,0,0,1,2,0,3,0,0,3.0,0.0,0.0,3.0,0,0,3.0,0.0,0.0,3.0,0,0,2.0,1.0,5.0,3.0,0,0,2.0,1.0,5.0,3.0,0,0,2.0,1.0,5.0,3.0,0,0,2.0,1.0,5.0,3.0,0,0,3.0,0.0,0.0,3.0,0,0,3.0,0.0,0.0,3.0,0,0,5.0,5.0,0.0,3.0,0,0,5.0,5.0,3.0,0,0,3.0,0.0,3.0,0,27.0,PFD,1.0,1.0,1.0,4.0,-1.0,0.0,0.0,0.0,3.0,0.0,3,0.0,0.0,0.0,0.0,3.0,0.0,3,0.0,0.0,0.0,0.0,3.0,0.0,3,0.0,0.0,0.0,0.0,3.0,0.0,3,0.0,0.0,0.0,0.0,3.0,0.0,3,0.0,0.0,0.0,0.0,3.0,0.0,3,0.0,0.0,0.0,0.0,3.0,0.0,3,0.0,0.0,0.0,0.0,3.0,0.0,3,0.0,0.0,0.0,0.0,3.0,0.0,3,0.0,0.0,0.0,0.0,3.0,0.0,3,0.0,0.0,0.0,0.0,3.0,0.0,3,0.0,0.0,0.0,0.0,3.0,0.0,3,0.0,0.0,0.0,0.0,3.0,0.0,3,0.0,0.0,0.0,0.0,3.0,0.0,3,0.0,0.0,0.0,0.0,3.0,0.0,3,0.0,0.0,0.0,0.0,3.0,0.0,3,0.0,0.0,0.0,0.0,3.0,0.0,3,0.0,0
151,0,5.0,5.0,3,0,0,3.0,0.0,3.0,0,0,5.0,5.0,3.0,0,0,5.0,5.0,3.0,0,0,3.0,0.0,0.0,3.0,0,0,0.0,5.0,5.0,3.0,0,0,3.0,0.0,0.0,3.0,0,0,3.0,0.0,0.0,3.0,0,0,3.0,0.0,0.0,3.0,0,0,3.0,0.0,0.0,3.0,0,0,1,2,0,3,0,0,3.0,0.0,0.0,3.0,0,0,3.0,0.0,0.0,3.0,0,0,1,2,0,3,0,0,3.0,0.0,0.0,3.0,0,0,3.0,0.0,0.0,3.0,0,0,3.0,0.0,0.0,3.0,0,0,1,2,0,3,0,0,3.0,0.0,0.0,3.0,0,0,3.0,0.0,0.0,3.0,0,0,1,2,0,3,0,0,3.0,0.0,0.0,3.0,0,0,3.0,0.0,0.0,3.0,0,0,2.0,1.0,5.0,3.0,0,0,2.0,1.0,5.0,3.0,0,0,2.0,1.0,5.0,3.0,0,0,2.0,1.0,5.0,3.0,0,0,3.0,0.0,0.0,3.0,0,0,3.0,0.0,0.0,3.0,0,0,4.0,-1.0,0.0,4.0,-1,0,5.0,5.0,3.0,0,0,3.0,0.0,3.0,0,16.0,PFD,0.0,0.0,0.0,3.0,0.0,0.0,0.0,0.0,3.0,0.0,3,0.0,0.0,0.0,0.0,3.0,0.0,3,0.0,0.0,0.0,0.0,3.0,0.0,3,0.0,0.0,0.0,0.0,3.0,0.0,3,0.0,0.0,0.0,0.0,3.0,0.0,3,0.0,0.0,0.0,0.0,3.0,0.0,3,0.0,0.0,0.0,0.0,3.0,0.0,3,0.0,0.0,0.0,0.0,3.0,0.0,3,0.0,1.0,1.0,2.0,1.0,2.0,1,2.0,0.0,0.0,0.0,3.0,0.0,3,0.0,0.0,0.0,0.0,3.0,0.0,3,0.0,0.0,0.0,0.0,3.0,0.0,3,0.0,0.0,0.0,0.0,3.0,0.0,3,0.0,0.0,0.0,0.0,3.0,0.0,3,0.0,0.0,0.0,0.0,3.0,0.0,3,0.0,0.0,0.0,0.0,3.0,0.0,3,0.0,0.0,0.0,0.0,3.0,0.0,3,0.0,0
152,0,3.0,0.0,3,0,0,5.0,5.0,3.0,0,0,5.0,5.0,3.0,0,0,5.0,5.0,3.0,0,0,5.0,5.0,5.0,3.0,0,0,5.0,5.0,5.0,3.0,0,0,5.0,5.0,5.0,3.0,0,0,5.0,5.0,5.0,3.0,0,0,5.0,5.0,5.0,3.0,0,0,5.0,5.0,5.0,3.0,0,0,5,5,5,3,0,0,5.0,5.0,5.0,3.0,0,0,5.0,5.0,5.0,3.0,0,0,5,5,5,3,0,0,5.0,5.0,5.0,3.0,0,0,5.0,5.0,5.0,3.0,0,0,5.0,5.0,5.0,3.0,0,0,5,5,5,3,0,0,5.0,5.0,5.0,3.0,0,0,5.0,5.0,5.0,3.0,0,0,5,5,5,3,0,0,5.0,5.0,5.0,3.0,0,0,5.0,5.0,5.0,3.0,0,0,5.0,5.0,5.0,3.0,0,0,5.0,5.0,5.0,3.0,0,0,5.0,5.0,5.0,3.0,0,0,5.0,5.0,5.0,3.0,0,0,5.0,5.0,5.0,3.0,0,0,5.0,5.0,5.0,3.0,0,0,5.0,5.0,5.0,3.0,0,0,5.0,5.0,3.0,0,0,5.0,5.0,3.0,0,16.0,PFD,1.0,5.0,5.0,5.0,5.0,0.0,0.0,0.0,5.0,5.0,3,0.0,0.0,0.0,0.0,5.0,5.0,3,0.0,0.0,0.0,0.0,5.0,5.0,3,0.0,0.0,0.0,0.0,5.0,5.0,3,0.0,0.0,0.0,0.0,5.0,5.0,3,0.0,0.0,0.0,0.0,5.0,5.0,3,0.0,0.0,0.0,0.0,5.0,5.0,3,0.0,0.0,0.0,0.0,5.0,5.0,3,0.0,1.0,5.0,5.0,5.0,5.0,5,5.0,1.0,5.0,5.0,5.0,5.0,5,5.0,0.0,0.0,0.0,5.0,5.0,3,0.0,0.0,0.0,0.0,5.0,5.0,3,0.0,0.0,0.0,0.0,5.0,5.0,3,0.0,0.0,0.0,0.0,5.0,5.0,3,0.0,0.0,0.0,0.0,5.0,5.0,3,0.0,0.0,0.0,0.0,5.0,5.0,3,0.0,0.0,0.0,0.0,5.0,5.0,3,0.0,0
153,0,3.0,0.0,3,0,0,3.0,0.0,3.0,0,0,3.0,0.0,3.0,0,0,3.0,0.0,3.0,0,0,3.0,0.0,0.0,3.0,0,0,0.0,3.0,0.0,3.0,0,0,3.0,0.0,0.0,3.0,0,0,3.0,0.0,0.0,3.0,0,0,3.0,0.0,0.0,3.0,0,0,3.0,0.0,0.0,3.0,0,0,1,2,0,3,0,0,3.0,0.0,0.0,3.0,0,0,3.0,0.0,0.0,3.0,0,0,1,2,0,3,0,0,3.0,0.0,0.0,3.0,0,0,3.0,0.0,0.0,3.0,0,0,3.0,0.0,0.0,3.0,0,0,1,2,0,3,0,0,3.0,0.0,0.0,3.0,0,0,3.0,0.0,0.0,3.0,0,0,1,2,0,3,0,0,3.0,0.0,0.0,3.0,0,0,3.0,0.0,0.0,3.0,0,0,3.0,0.0,0.0,3.0,0,0,3.0,0.0,0.0,3.0,0,0,3.0,0.0,0.0,3.0,0,0,3.0,0.0,0.0,3.0,0,0,3.0,0.0,0.0,3.0,0,0,3.0,0.0,0.0,3.0,0,0,1.0,2.0,0.0,3.0,0,1,1.0,2.0,1.0,2,0,3.0,0.0,3.0,0,13.0,PFD,0.0,0.0,0.0,3.0,0.0,0.0,0.0,0.0,3.0,0.0,3,0.0,0.0,0.0,0.0,3.0,0.0,3,0.0,0.0,0.0,0.0,3.0,0.0,3,0.0,0.0,0.0,0.0,3.0,0.0,3,0.0,0.0,0.0,0.0,3.0,0.0,3,0.0,0.0,0.0,0.0,3.0,0.0,3,0.0,0.0,0.0,0.0,3.0,0.0,3,0.0,0.0,0.0,0.0,3.0,0.0,3,0.0,1.0,1.0,2.0,1.0,2.0,1,2.0,0.0,0.0,0.0,3.0,0.0,3,0.0,0.0,0.0,0.0,3.0,0.0,3,0.0,0.0,0.0,0.0,3.0,0.0,3,0.0,0.0,0.0,0.0,3.0,0.0,3,0.0,0.0,0.0,0.0,3.0,0.0,3,0.0,0.0,0.0,0.0,3.0,0.0,3,0.0,0.0,0.0,0.0,3.0,0.0,3,0.0,0.0,0.0,0.0,3.0,0.0,3,0.0,0
154,0,5.0,5.0,3,0,0,3.0,0.0,3.0,0,0,3.0,0.0,3.0,0,0,3.0,0.0,3.0,0,0,3.0,0.0,0.0,3.0,0,0,0.0,3.0,0.0,3.0,0,0,3.0,0.0,0.0,3.0,0,0,5.0,5.0,0.0,3.0,0,0,3.0,0.0,0.0,3.0,0,0,5.0,5.0,0.0,3.0,0,0,1,2,0,3,0,0,3.0,0.0,0.0,3.0,0,0,3.0,0.0,0.0,3.0,0,0,1,2,0,3,0,0,3.0,0.0,0.0,3.0,0,0,3.0,0.0,0.0,3.0,0,0,2.0,1.0,5.0,3.0,0,0,5,5,5,3,0,0,2.0,1.0,5.0,3.0,0,0,2.0,1.0,5.0,3.0,0,0,5,5,5,3,0,0,2.0,1.0,5.0,3.0,0,0,2.0,1.0,5.0,3.0,0,0,2.0,1.0,5.0,3.0,0,0,2.0,1.0,5.0,3.0,0,0,2.0,1.0,5.0,3.0,0,0,2.0,1.0,5.0,3.0,0,0,2.0,1.0,5.0,3.0,0,0,2.0,1.0,5.0,3.0,0,0,1.0,2.0,0.0,3.0,0,0,5.0,5.0,3.0,0,0,3.0,0.0,3.0,0,36.0,PFDD,1.0,3.0,0.0,3.0,0.0,0.0,0.0,0.0,3.0,0.0,3,0.0,0.0,0.0,0.0,5.0,5.0,3,0.0,0.0,0.0,0.0,3.0,0.0,3,0.0,0.0,0.0,0.0,3.0,0.0,3,0.0,0.0,0.0,0.0,3.0,0.0,3,0.0,0.0,0.0,0.0,3.0,0.0,3,0.0,0.0,0.0,0.0,3.0,0.0,3,0.0,0.0,0.0,0.0,3.0,0.0,3,0.0,0.0,0.0,0.0,5.0,5.0,3,0.0,0.0,0.0,0.0,3.0,0.0,3,0.0,0.0,0.0,0.0,3.0,0.0,3,0.0,0.0,0.0,0.0,3.0,0.0,3,0.0,0.0,0.0,0.0,3.0,0.0,3,0.0,0.0,0.0,0.0,3.0,0.0,3,0.0,0.0,0.0,0.0,3.0,0.0,3,0.0,0.0,0.0,0.0,3.0,0.0,3,0.0,0.0,0.0,0.0,3.0,0.0,3,0.0,0
156,0,3.0,0.0,3,0,0,3.0,0.0,3.0,0,0,3.0,0.0,3.0,0,0,3.0,0.0,3.0,0,0,3.0,0.0,0.0,3.0,0,0,0.0,3.0,0.0,3.0,0,0,3.0,0.0,0.0,3.0,0,0,3.0,0.0,0.0,3.0,0,0,3.0,0.0,0.0,3.0,0,0,3.0,0.0,0.0,3.0,0,0,1,2,0,3,0,0,3.0,0.0,0.0,3.0,0,0,3.0,0.0,0.0,3.0,0,0,1,2,0,3,0,0,3.0,0.0,0.0,3.0,0,0,3.0,0.0,0.0,3.0,0,0,2.0,1.0,5.0,3.0,0,0,5,5,5,3,0,0,2.0,1.0,5.0,3.0,0,0,2.0,1.0,5.0,3.0,0,0,5,5,5,3,0,0,2.0,1.0,5.0,3.0,0,0,2.0,1.0,5.0,3.0,0,0,2.0,1.0,5.0,3.0,0,0,2.0,1.0,5.0,3.0,0,0,2.0,1.0,5.0,3.0,0,0,2.0,1.0,5.0,3.0,0,0,2.0,1.0,5.0,3.0,0,0,2.0,1.0,5.0,3.0,0,0,5.0,5.0,0.0,3.0,0,0,5.0,5.0,3.0,0,0,3.0,0.0,3.0,0,18.0,PFD,0.0,0.0,1.0,4.0,-1.0,0.0,0.0,0.0,3.0,0.0,3,0.0,0.0,0.0,0.0,3.0,0.0,3,0.0,0.0,0.0,0.0,3.0,0.0,3,0.0,0.0,0.0,0.0,3.0,0.0,3,0.0,0.0,0.0,0.0,3.0,0.0,3,0.0,0.0,0.0,0.0,3.0,0.0,3,0.0,0.0,0.0,0.0,3.0,0.0,3,0.0,0.0,0.0,0.0,3.0,0.0,3,0.0,0.0,0.0,0.0,1.0,2.0,3,0.0,0.0,0.0,0.0,3.0,0.0,3,0.0,0.0,0.0,0.0,3.0,0.0,3,0.0,0.0,0.0,0.0,3.0,0.0,3,0.0,0.0,0.0,0.0,6.0,6.0,4,-1.0,0.0,0.0,0.0,3.0,0.0,3,0.0,0.0,0.0,0.0,3.0,0.0,3,0.0,0.0,0.0,0.0,3.0,0.0,3,0.0,0.0,0.0,0.0,3.0,0.0,3,0.0,1
159,0,5.0,5.0,3,0,0,3.0,0.0,3.0,0,0,3.0,0.0,3.0,0,0,3.0,0.0,3.0,0,0,3.0,0.0,0.0,3.0,0,0,0.0,3.0,0.0,3.0,0,0,3.0,0.0,0.0,3.0,0,0,3.0,0.0,0.0,3.0,0,0,3.0,0.0,0.0,3.0,0,0,3.0,0.0,0.0,3.0,0,0,1,2,0,3,0,0,3.0,0.0,0.0,3.0,0,0,3.0,0.0,0.0,3.0,0,0,1,2,0,3,0,0,3.0,0.0,0.0,3.0,0,0,3.0,0.0,0.0,3.0,0,0,3.0,0.0,0.0,3.0,0,0,5,5,5,3,0,0,2.0,1.0,5.0,3.0,0,0,2.0,1.0,5.0,3.0,0,0,5,5,5,3,0,0,2.0,1.0,5.0,3.0,0,0,2.0,1.0,5.0,3.0,0,0,2.0,1.0,5.0,3.0,0,0,2.0,1.0,5.0,3.0,0,0,2.0,1.0,5.0,3.0,0,0,2.0,1.0,5.0,3.0,0,0,3.0,0.0,0.0,3.0,0,0,3.0,0.0,0.0,3.0,0,0,5.0,5.0,0.0,3.0,0,0,3.0,0.0,3.0,0,0,3.0,0.0,3.0,0,49.0,PFD,1.0,1.0,0.0,1.0,2.0,0.0,0.0,0.0,3.0,0.0,3,0.0,1.0,1.0,2.0,1.0,2.0,1,2.0,0.0,0.0,0.0,3.0,0.0,3,0.0,0.0,0.0,0.0,3.0,0.0,3,0.0,0.0,0.0,0.0,3.0,0.0,3,0.0,0.0,0.0,0.0,3.0,0.0,3,0.0,0.0,0.0,0.0,3.0,0.0,3,0.0,0.0,0.0,0.0,3.0,0.0,3,0.0,1.0,1.0,2.0,1.0,2.0,1,2.0,0.0,0.0,0.0,3.0,0.0,3,0.0,0.0,0.0,0.0,3.0,0.0,3,0.0,0.0,0.0,0.0,3.0,0.0,3,0.0,1.0,5.0,5.0,5.0,5.0,5,5.0,0.0,0.0,0.0,3.0,0.0,3,0.0,0.0,0.0,0.0,3.0,0.0,3,0.0,0.0,0.0,0.0,3.0,0.0,3,0.0,0.0,0.0,0.0,3.0,0.0,3,0.0,0
160,0,3.0,0.0,3,0,1,5.0,5.0,5.0,5,0,5.0,5.0,3.0,0,0,5.0,5.0,3.0,0,0,5.0,5.0,5.0,3.0,0,0,5.0,5.0,5.0,3.0,0,0,5.0,5.0,5.0,3.0,0,0,5.0,5.0,5.0,3.0,0,0,5.0,5.0,5.0,3.0,0,0,5.0,5.0,5.0,3.0,0,0,5,5,5,3,0,0,5.0,5.0,5.0,3.0,0,0,5.0,5.0,5.0,3.0,0,0,5,5,5,3,0,0,5.0,5.0,5.0,3.0,0,0,5.0,5.0,5.0,3.0,0,0,5.0,5.0,5.0,3.0,0,0,5,5,5,3,0,0,5.0,5.0,5.0,3.0,0,0,5.0,5.0,5.0,3.0,0,0,5,5,5,3,0,0,5.0,5.0,5.0,3.0,0,0,5.0,5.0,5.0,3.0,0,0,5.0,5.0,5.0,3.0,0,0,5.0,5.0,5.0,3.0,0,0,5.0,5.0,5.0,3.0,0,0,5.0,5.0,5.0,3.0,0,0,5.0,5.0,5.0,3.0,0,0,5.0,5.0,5.0,3.0,0,0,5.0,5.0,5.0,3.0,0,0,5.0,5.0,3.0,0,0,5.0,5.0,3.0,0,25.0,PFDD,1.0,5.0,5.0,5.0,5.0,0.0,0.0,0.0,5.0,5.0,3,0.0,1.0,5.0,5.0,5.0,5.0,5,5.0,0.0,0.0,0.0,5.0,5.0,3,0.0,0.0,0.0,0.0,5.0,5.0,3,0.0,0.0,0.0,0.0,5.0,5.0,3,0.0,0.0,0.0,0.0,5.0,5.0,3,0.0,0.0,0.0,0.0,5.0,5.0,3,0.0,0.0,0.0,0.0,5.0,5.0,3,0.0,1.0,5.0,5.0,5.0,5.0,5,5.0,1.0,5.0,5.0,5.0,5.0,5,5.0,0.0,0.0,0.0,5.0,5.0,3,0.0,0.0,0.0,0.0,5.0,5.0,3,0.0,0.0,0.0,0.0,5.0,5.0,3,0.0,0.0,0.0,0.0,5.0,5.0,3,0.0,0.0,0.0,0.0,5.0,5.0,3,0.0,0.0,0.0,0.0,5.0,5.0,3,0.0,0.0,0.0,0.0,5.0,5.0,3,0.0,0
161,0,3.0,0.0,3,0,0,5.0,5.0,3.0,0,0,5.0,5.0,3.0,0,0,5.0,5.0,3.0,0,0,5.0,5.0,5.0,3.0,0,0,5.0,5.0,5.0,3.0,0,0,5.0,5.0,5.0,3.0,0,0,5.0,5.0,5.0,3.0,0,0,5.0,5.0,5.0,3.0,0,0,5.0,5.0,5.0,3.0,0,0,5,5,5,3,0,0,5.0,5.0,5.0,3.0,0,0,5.0,5.0,5.0,3.0,0,0,5,5,5,3,0,0,5.0,5.0,5.0,3.0,0,0,5.0,5.0,5.0,3.0,0,0,5.0,5.0,5.0,3.0,0,0,5,5,5,3,0,0,5.0,5.0,5.0,3.0,0,0,5.0,5.0,5.0,3.0,0,0,5,5,5,3,0,0,5.0,5.0,5.0,3.0,0,0,5.0,5.0,5.0,3.0,0,0,5.0,5.0,5.0,3.0,0,0,5.0,5.0,5.0,3.0,0,0,5.0,5.0,5.0,3.0,0,0,5.0,5.0,5.0,3.0,0,0,5.0,5.0,5.0,3.0,0,0,5.0,5.0,5.0,3.0,0,0,5.0,5.0,5.0,3.0,0,0,5.0,5.0,3.0,0,0,5.0,5.0,3.0,0,23.0,PFDD,0.0,0.0,5.0,3.0,0.0,0.0,0.0,0.0,5.0,5.0,3,0.0,0.0,0.0,0.0,5.0,5.0,3,0.0,1.0,5.0,5.0,5.0,5.0,5,5.0,0.0,0.0,0.0,5.0,5.0,3,0.0,0.0,0.0,0.0,5.0,5.0,3,0.0,0.0,0.0,0.0,5.0,5.0,3,0.0,0.0,0.0,0.0,5.0,5.0,3,0.0,0.0,0.0,0.0,5.0,5.0,3,0.0,0.0,0.0,0.0,5.0,5.0,3,0.0,0.0,0.0,0.0,5.0,5.0,3,0.0,0.0,0.0,0.0,5.0,5.0,3,0.0,0.0,0.0,0.0,5.0,5.0,3,0.0,0.0,0.0,0.0,5.0,5.0,3,0.0,0.0,0.0,0.0,5.0,5.0,3,0.0,0.0,0.0,0.0,5.0,5.0,3,0.0,0.0,0.0,0.0,5.0,5.0,3,0.0,0.0,0.0,0.0,5.0,5.0,3,0.0,0
162,0,3.0,0.0,3,0,0,5.0,5.0,3.0,0,0,5.0,5.0,3.0,0,0,5.0,5.0,3.0,0,0,5.0,5.0,5.0,3.0,0,0,5.0,5.0,5.0,3.0,0,0,5.0,5.0,5.0,3.0,0,0,5.0,5.0,5.0,3.0,0,0,5.0,5.0,5.0,3.0,0,0,5.0,5.0,5.0,3.0,0,0,5,5,5,3,0,0,5.0,5.0,5.0,3.0,0,0,5.0,5.0,5.0,3.0,0,0,5,5,5,3,0,0,5.0,5.0,5.0,3.0,0,0,5.0,5.0,5.0,3.0,0,0,5.0,5.0,5.0,3.0,0,0,5,5,5,3,0,0,5.0,5.0,5.0,3.0,0,0,5.0,5.0,5.0,3.0,0,0,5,5,5,3,0,0,5.0,5.0,5.0,3.0,0,0,5.0,5.0,5.0,3.0,0,0,5.0,5.0,5.0,3.0,0,0,5.0,5.0,5.0,3.0,0,0,5.0,5.0,5.0,3.0,0,0,5.0,5.0,5.0,3.0,0,0,5.0,5.0,5.0,3.0,0,0,5.0,5.0,5.0,3.0,0,0,5.0,5.0,5.0,3.0,0,0,5.0,5.0,3.0,0,0,5.0,5.0,3.0,0,20.0,PFD,1.0,5.0,5.0,5.0,5.0,0.0,0.0,0.0,5.0,5.0,3,0.0,0.0,0.0,0.0,5.0,5.0,3,0.0,0.0,0.0,0.0,5.0,5.0,3,0.0,0.0,0.0,0.0,5.0,5.0,3,0.0,0.0,0.0,0.0,5.0,5.0,3,0.0,0.0,0.0,0.0,5.0,5.0,3,0.0,0.0,0.0,0.0,5.0,5.0,3,0.0,0.0,0.0,0.0,5.0,5.0,3,0.0,0.0,0.0,0.0,5.0,5.0,3,0.0,0.0,0.0,0.0,5.0,5.0,3,0.0,0.0,0.0,0.0,5.0,5.0,3,0.0,0.0,0.0,0.0,5.0,5.0,3,0.0,0.0,0.0,0.0,5.0,5.0,3,0.0,0.0,0.0,0.0,5.0,5.0,3,0.0,0.0,0.0,0.0,5.0,5.0,3,0.0,0.0,0.0,0.0,5.0,5.0,3,0.0,0.0,0.0,0.0,5.0,5.0,3,0.0,0
163,0,3.0,0.0,3,0,0,3.0,0.0,3.0,0,0,3.0,0.0,3.0,0,0,3.0,0.0,3.0,0,0,3.0,0.0,0.0,3.0,0,0,0.0,3.0,0.0,3.0,0,0,3.0,0.0,0.0,3.0,0,0,5.0,5.0,0.0,3.0,0,0,3.0,0.0,0.0,3.0,0,0,3.0,0.0,0.0,3.0,0,0,1,2,0,3,0,0,3.0,0.0,0.0,3.0,0,0,3.0,0.0,0.0,3.0,0,0,1,2,0,3,0,0,3.0,0.0,0.0,3.0,0,0,3.0,0.0,0.0,3.0,0,0,3.0,0.0,0.0,3.0,0,0,1,2,0,3,0,0,3.0,0.0,0.0,3.0,0,0,3.0,0.0,0.0,3.0,0,0,1,2,0,3,0,0,3.0,0.0,0.0,3.0,0,0,3.0,0.0,0.0,3.0,0,0,2.0,1.0,5.0,3.0,0,0,2.0,1.0,5.0,3.0,0,0,2.0,1.0,5.0,3.0,0,0,2.0,1.0,5.0,3.0,0,0,3.0,0.0,0.0,3.0,0,0,3.0,0.0,0.0,3.0,0,0,1.0,2.0,0.0,3.0,0,0,5.0,5.0,3.0,0,0,3.0,0.0,3.0,0,48.0,PFDD,1.0,1.0,1.0,4.0,-1.0,0.0,0.0,0.0,3.0,0.0,3,0.0,1.0,3.0,0.0,3.0,0.0,3,0.0,0.0,0.0,0.0,3.0,0.0,3,0.0,0.0,0.0,0.0,3.0,0.0,3,0.0,0.0,0.0,0.0,3.0,0.0,3,0.0,0.0,0.0,0.0,3.0,0.0,3,0.0,0.0,0.0,0.0,3.0,0.0,3,0.0,0.0,0.0,0.0,3.0,0.0,3,0.0,1.0,1.0,2.0,1.0,2.0,1,2.0,1.0,5.0,5.0,5.0,5.0,5,5.0,0.0,0.0,0.0,3.0,0.0,3,0.0,0.0,0.0,0.0,3.0,0.0,3,0.0,0.0,0.0,0.0,3.0,0.0,3,0.0,0.0,0.0,0.0,3.0,0.0,3,0.0,0.0,0.0,0.0,3.0,0.0,3,0.0,0.0,0.0,0.0,3.0,0.0,3,0.0,0.0,0.0,0.0,3.0,0.0,3,0.0,0
164,0,3.0,0.0,3,0,0,5.0,5.0,3.0,0,0,5.0,5.0,3.0,0,0,5.0,5.0,3.0,0,0,5.0,5.0,5.0,3.0,0,0,5.0,5.0,5.0,3.0,0,0,5.0,5.0,5.0,3.0,0,0,5.0,5.0,5.0,3.0,0,0,5.0,5.0,5.0,3.0,0,0,5.0,5.0,5.0,3.0,0,0,5,5,5,3,0,0,5.0,5.0,5.0,3.0,0,0,5.0,5.0,5.0,3.0,0,0,5,5,5,3,0,0,5.0,5.0,5.0,3.0,0,0,5.0,5.0,5.0,3.0,0,0,5.0,5.0,5.0,3.0,0,0,5,5,5,3,0,0,5.0,5.0,5.0,3.0,0,0,5.0,5.0,5.0,3.0,0,0,5,5,5,3,0,0,5.0,5.0,5.0,3.0,0,0,5.0,5.0,5.0,3.0,0,0,5.0,5.0,5.0,3.0,0,0,5.0,5.0,5.0,3.0,0,0,5.0,5.0,5.0,3.0,0,0,5.0,5.0,5.0,3.0,0,0,5.0,5.0,5.0,3.0,0,0,5.0,5.0,5.0,3.0,0,0,5.0,5.0,5.0,3.0,0,0,5.0,5.0,3.0,0,0,5.0,5.0,3.0,0,18.0,PFD,1.0,5.0,5.0,5.0,5.0,0.0,0.0,0.0,5.0,5.0,3,0.0,0.0,0.0,0.0,5.0,5.0,3,0.0,0.0,0.0,0.0,5.0,5.0,3,0.0,0.0,0.0,0.0,5.0,5.0,3,0.0,0.0,0.0,0.0,5.0,5.0,3,0.0,0.0,0.0,0.0,5.0,5.0,3,0.0,0.0,0.0,0.0,5.0,5.0,3,0.0,0.0,0.0,0.0,5.0,5.0,3,0.0,1.0,5.0,5.0,5.0,5.0,5,5.0,0.0,0.0,0.0,5.0,5.0,3,0.0,0.0,0.0,0.0,5.0,5.0,3,0.0,0.0,0.0,0.0,5.0,5.0,3,0.0,0.0,0.0,0.0,5.0,5.0,3,0.0,0.0,0.0,0.0,5.0,5.0,3,0.0,0.0,0.0,0.0,5.0,5.0,3,0.0,0.0,0.0,0.0,5.0,5.0,3,0.0,0.0,0.0,0.0,5.0,5.0,3,0.0,0
165,0,5.0,5.0,3,0,0,3.0,0.0,3.0,0,0,3.0,0.0,3.0,0,0,5.0,5.0,3.0,0,0,3.0,0.0,0.0,3.0,0,0,0.0,5.0,5.0,3.0,0,0,3.0,0.0,0.0,3.0,0,0,5.0,5.0,0.0,3.0,0,0,3.0,0.0,0.0,3.0,0,0,5.0,5.0,0.0,3.0,0,0,1,2,0,3,0,0,3.0,0.0,0.0,3.0,0,0,3.0,0.0,0.0,3.0,0,0,1,2,0,3,0,0,3.0,0.0,0.0,3.0,0,0,3.0,0.0,0.0,3.0,0,0,3.0,0.0,0.0,3.0,0,0,1,2,0,3,0,0,3.0,0.0,0.0,3.0,0,0,3.0,0.0,0.0,3.0,0,0,1,2,0,3,0,0,3.0,0.0,0.0,3.0,0,0,3.0,0.0,0.0,3.0,0,0,2.0,1.0,5.0,3.0,0,0,2.0,1.0,5.0,3.0,0,0,2.0,1.0,5.0,3.0,0,0,2.0,1.0,5.0,3.0,0,0,3.0,0.0,0.0,3.0,0,0,3.0,0.0,0.0,3.0,0,0,5.0,5.0,0.0,3.0,0,0,5.0,5.0,3.0,0,0,3.0,0.0,3.0,0,28.0,PFDD,1.0,1.0,0.0,1.0,2.0,0.0,0.0,0.0,3.0,0.0,3,0.0,0.0,0.0,0.0,3.0,0.0,3,0.0,0.0,0.0,0.0,3.0,0.0,3,0.0,0.0,0.0,0.0,3.0,0.0,3,0.0,0.0,0.0,0.0,3.0,0.0,3,0.0,0.0,0.0,0.0,3.0,0.0,3,0.0,0.0,0.0,0.0,3.0,0.0,3,0.0,0.0,0.0,0.0,3.0,0.0,3,0.0,0.0,0.0,0.0,3.0,0.0,3,0.0,1.0,2.0,1.0,2.0,1.0,2,1.0,0.0,0.0,0.0,3.0,0.0,3,0.0,0.0,0.0,0.0,3.0,0.0,3,0.0,0.0,0.0,0.0,3.0,0.0,3,0.0,0.0,0.0,0.0,3.0,0.0,3,0.0,0.0,0.0,0.0,3.0,0.0,3,0.0,0.0,0.0,0.0,3.0,0.0,3,0.0,0.0,0.0,0.0,3.0,0.0,3,0.0,0
166,0,3.0,0.0,3,0,0,5.0,5.0,3.0,0,0,5.0,5.0,3.0,0,0,5.0,5.0,3.0,0,0,5.0,5.0,5.0,3.0,0,0,5.0,5.0,5.0,3.0,0,0,5.0,5.0,5.0,3.0,0,0,5.0,5.0,5.0,3.0,0,0,5.0,5.0,5.0,3.0,0,0,5.0,5.0,5.0,3.0,0,0,5,5,5,3,0,0,5.0,5.0,5.0,3.0,0,0,5.0,5.0,5.0,3.0,0,0,5,5,5,3,0,0,5.0,5.0,5.0,3.0,0,0,5.0,5.0,5.0,3.0,0,0,5.0,5.0,5.0,3.0,0,0,5,5,5,3,0,0,5.0,5.0,5.0,3.0,0,0,5.0,5.0,5.0,3.0,0,0,5,5,5,3,0,0,5.0,5.0,5.0,3.0,0,0,5.0,5.0,5.0,3.0,0,0,5.0,5.0,5.0,3.0,0,0,5.0,5.0,5.0,3.0,0,0,5.0,5.0,5.0,3.0,0,0,5.0,5.0,5.0,3.0,0,0,5.0,5.0,5.0,3.0,0,0,5.0,5.0,5.0,3.0,0,0,5.0,5.0,5.0,3.0,0,0,5.0,5.0,3.0,0,0,5.0,5.0,3.0,0,7.0,PFD,1.0,5.0,5.0,5.0,5.0,0.0,0.0,0.0,5.0,5.0,3,0.0,0.0,0.0,0.0,5.0,5.0,3,0.0,0.0,0.0,0.0,5.0,5.0,3,0.0,0.0,0.0,0.0,5.0,5.0,3,0.0,0.0,0.0,0.0,5.0,5.0,3,0.0,0.0,0.0,0.0,5.0,5.0,3,0.0,0.0,0.0,0.0,5.0,5.0,3,0.0,0.0,0.0,0.0,5.0,5.0,3,0.0,1.0,5.0,5.0,5.0,5.0,5,5.0,0.0,0.0,0.0,5.0,5.0,3,0.0,0.0,0.0,0.0,5.0,5.0,3,0.0,0.0,0.0,0.0,5.0,5.0,3,0.0,1.0,5.0,5.0,5.0,5.0,5,5.0,0.0,0.0,0.0,5.0,5.0,3,0.0,0.0,0.0,0.0,5.0,5.0,3,0.0,0.0,0.0,0.0,5.0,5.0,3,0.0,0.0,0.0,0.0,5.0,5.0,3,0.0,0
167,0,5.0,5.0,3,0,0,5.0,5.0,3.0,0,0,5.0,5.0,3.0,0,0,5.0,5.0,3.0,0,0,5.0,5.0,0.0,3.0,0,0,0.0,5.0,5.0,3.0,0,0,1.0,2.0,0.0,3.0,0,0,5.0,5.0,0.0,3.0,0,0,5.0,5.0,0.0,3.0,0,0,5.0,5.0,0.0,3.0,0,0,5,5,5,3,0,0,2.0,1.0,5.0,3.0,0,0,2.0,1.0,5.0,3.0,0,0,5,5,5,3,0,0,2.0,1.0,5.0,3.0,0,0,2.0,1.0,5.0,3.0,0,0,2.0,1.0,5.0,3.0,0,0,5,5,5,3,0,0,2.0,1.0,5.0,3.0,0,0,2.0,1.0,5.0,3.0,0,0,5,5,5,3,0,0,2.0,1.0,5.0,3.0,0,0,2.0,1.0,5.0,3.0,0,0,2.0,1.0,5.0,3.0,0,0,2.0,1.0,5.0,3.0,0,0,2.0,1.0,5.0,3.0,0,0,2.0,1.0,5.0,3.0,0,0,2.0,1.0,5.0,3.0,0,0,2.0,1.0,5.0,3.0,0,0,1.0,2.0,0.0,3.0,0,0,5.0,5.0,3.0,0,0,5.0,5.0,3.0,0,7.0,PFD,0.0,0.0,0.0,3.0,0.0,0.0,0.0,0.0,3.0,0.0,3,0.0,0.0,0.0,0.0,3.0,0.0,3,0.0,1.0,1.0,2.0,6.0,6.0,4,-1.0,0.0,0.0,0.0,3.0,0.0,3,0.0,0.0,0.0,0.0,3.0,0.0,3,0.0,0.0,0.0,0.0,3.0,0.0,3,0.0,0.0,0.0,0.0,3.0,0.0,3,0.0,0.0,0.0,0.0,3.0,0.0,3,0.0,0.0,0.0,0.0,3.0,0.0,3,0.0,0.0,0.0,0.0,3.0,0.0,3,0.0,0.0,0.0,0.0,3.0,0.0,3,0.0,0.0,0.0,0.0,3.0,0.0,3,0.0,0.0,0.0,0.0,3.0,0.0,3,0.0,0.0,0.0,0.0,3.0,0.0,3,0.0,0.0,0.0,0.0,3.0,0.0,3,0.0,0.0,0.0,0.0,3.0,0.0,3,0.0,0.0,0.0,0.0,3.0,0.0,3,0.0,0
168,0,5.0,5.0,3,0,0,3.0,0.0,3.0,0,0,3.0,0.0,3.0,0,0,3.0,0.0,3.0,0,0,3.0,0.0,0.0,3.0,0,0,0.0,5.0,5.0,3.0,0,0,1.0,2.0,0.0,3.0,0,0,5.0,5.0,0.0,3.0,0,0,3.0,0.0,0.0,3.0,0,0,3.0,0.0,0.0,3.0,0,0,1,2,0,3,0,0,3.0,0.0,0.0,3.0,0,0,3.0,0.0,0.0,3.0,0,0,1,2,0,3,0,0,3.0,0.0,0.0,3.0,0,0,3.0,0.0,0.0,3.0,0,0,3.0,0.0,0.0,3.0,0,0,1,2,0,3,0,0,3.0,0.0,0.0,3.0,0,0,3.0,0.0,0.0,3.0,0,0,1,2,0,3,0,0,3.0,0.0,0.0,3.0,0,0,3.0,0.0,0.0,3.0,0,0,2.0,1.0,5.0,3.0,0,0,2.0,1.0,5.0,3.0,0,0,2.0,1.0,5.0,3.0,0,0,2.0,1.0,5.0,3.0,0,0,3.0,0.0,0.0,3.0,0,0,3.0,0.0,0.0,3.0,0,0,3.0,0.0,1.0,4.0,-1,0,3.0,0.0,3.0,0,0,3.0,0.0,3.0,0,28.0,PFDD,1.0,1.0,1.0,4.0,-1.0,0.0,0.0,0.0,3.0,0.0,3,0.0,1.0,1.0,2.0,1.0,2.0,1,2.0,0.0,0.0,0.0,3.0,0.0,3,0.0,0.0,0.0,0.0,3.0,0.0,3,0.0,0.0,0.0,0.0,3.0,0.0,3,0.0,0.0,0.0,0.0,3.0,0.0,3,0.0,0.0,0.0,0.0,3.0,0.0,3,0.0,0.0,0.0,0.0,3.0,0.0,3,0.0,0.0,0.0,0.0,3.0,0.0,3,0.0,0.0,0.0,0.0,3.0,0.0,3,0.0,0.0,0.0,0.0,3.0,0.0,3,0.0,0.0,0.0,0.0,3.0,0.0,3,0.0,0.0,0.0,0.0,3.0,0.0,3,0.0,0.0,0.0,0.0,3.0,0.0,3,0.0,0.0,0.0,0.0,3.0,0.0,3,0.0,0.0,0.0,0.0,3.0,0.0,3,0.0,0.0,0.0,0.0,3.0,0.0,3,0.0,0
